#PictureHD,PictureThumbNail,X/East,Y/North,Z/Altitude,Yaw,Pitch,Roll
http://cdn.itchimi.asia/flightstream/IMG_7522_NIR.jpg,http://cdn.itchimi.asia/flightstream/IMG_7522_NIR.jpg,42.5387664,-94.3927463,135,0,0,0
http://cdn.itchimi.asia/flightstream/IMG_7523_NIR.jpg,http://cdn.itchimi.asia/flightstream/IMG_7523_NIR.jpg,42.5390991,-94.3928179,135,0,0,0
http://cdn.itchimi.asia/flightstream/IMG_7524_NIR.jpg,http://cdn.itchimi.asia/flightstream/IMG_7524_NIR.jpg,42.5394501,-94.3927937,136,0,0,0
http://cdn.itchimi.asia/flightstream/IMG_7525_NIR.jpg,http://cdn.itchimi.asia/flightstream/IMG_7525_NIR.jpg,42.5397967,-94.3927988,137,0,0,0
http://cdn.itchimi.asia/flightstream/IMG_7526_NIR.jpg,http://cdn.itchimi.asia/flightstream/IMG_7526_NIR.jpg,42.5401521,-94.3927718,137,0,0,0
http://cdn.itchimi.asia/flightstream/IMG_7527_NIR.jpg,http://cdn.itchimi.asia/flightstream/IMG_7527_NIR.jpg,42.5405043,-94.3927999,137,0,0,0
http://cdn.itchimi.asia/flightstream/IMG_7528_NIR.jpg,http://cdn.itchimi.asia/flightstream/IMG_7528_NIR.jpg,42.5408423,-94.3927575,136,0,0,0
http://cdn.itchimi.asia/flightstream/IMG_7529_NIR.jpg,http://cdn.itchimi.asia/flightstream/IMG_7529_NIR.jpg,42.541188,-94.39273,135,0,0,0
http://cdn.itchimi.asia/flightstream/IMG_7530_NIR.jpg,http://cdn.itchimi.asia/flightstream/IMG_7530_NIR.jpg,42.5415209,-94.3927398,135,0,0,0
http://cdn.itchimi.asia/flightstream/IMG_7531_NIR.jpg,http://cdn.itchimi.asia/flightstream/IMG_7531_NIR.jpg,42.541866,-94.3927666,135,0,0,0
http://cdn.itchimi.asia/flightstream/IMG_7532_NIR.jpg,http://cdn.itchimi.asia/flightstream/IMG_7532_NIR.jpg,42.5422399,-94.392748,136,0,0,0
http://cdn.itchimi.asia/flightstream/IMG_7533_NIR.jpg,http://cdn.itchimi.asia/flightstream/IMG_7533_NIR.jpg,42.5426111,-94.3927173,136,0,0,0
http://cdn.itchimi.asia/flightstream/IMG_7534_NIR.jpg,http://cdn.itchimi.asia/flightstream/IMG_7534_NIR.jpg,42.5421131,-94.392471,135,0,0,0
http://cdn.itchimi.asia/flightstream/IMG_7535_NIR.jpg,http://cdn.itchimi.asia/flightstream/IMG_7535_NIR.jpg,42.5416186,-94.3924794,135,0,0,0
http://cdn.itchimi.asia/flightstream/IMG_7536_NIR.jpg,http://cdn.itchimi.asia/flightstream/IMG_7536_NIR.jpg,42.5411176,-94.3924396,135,0,0,0
http://cdn.itchimi.asia/flightstream/IMG_7537_NIR.jpg,http://cdn.itchimi.asia/flightstream/IMG_7537_NIR.jpg,42.5406438,-94.3925041,135,0,0,0
http://cdn.itchimi.asia/flightstream/IMG_7538_NIR.jpg,http://cdn.itchimi.asia/flightstream/IMG_7538_NIR.jpg,42.5401324,-94.3924607,136,0,0,0
http://cdn.itchimi.asia/flightstream/IMG_7539_NIR.jpg,http://cdn.itchimi.asia/flightstream/IMG_7539_NIR.jpg,42.5396366,-94.3924903,136,0,0,0
http://cdn.itchimi.asia/flightstream/IMG_7540_NIR.jpg,http://cdn.itchimi.asia/flightstream/IMG_7540_NIR.jpg,42.5391627,-94.3924738,136,0,0,0
http://cdn.itchimi.asia/flightstream/IMG_7541_NIR.jpg,http://cdn.itchimi.asia/flightstream/IMG_7541_NIR.jpg,42.5386935,-94.3925005,136,0,0,0
http://cdn.itchimi.asia/flightstream/IMG_7542_NIR.jpg,http://cdn.itchimi.asia/flightstream/IMG_7542_NIR.jpg,42.5382021,-94.3925329,136,0,0,0
http://cdn.itchimi.asia/flightstream/IMG_7543_NIR.jpg,http://cdn.itchimi.asia/flightstream/IMG_7543_NIR.jpg,42.5385066,-94.3922615,134,0,0,0
http://cdn.itchimi.asia/flightstream/IMG_7544_NIR.jpg,http://cdn.itchimi.asia/flightstream/IMG_7544_NIR.jpg,42.5389153,-94.3921121,135,0,0,0
http://cdn.itchimi.asia/flightstream/IMG_7545_NIR.jpg,http://cdn.itchimi.asia/flightstream/IMG_7545_NIR.jpg,42.539384,-94.3921795,135,0,0,0
http://cdn.itchimi.asia/flightstream/IMG_7546_NIR.jpg,http://cdn.itchimi.asia/flightstream/IMG_7546_NIR.jpg,42.5397166,-94.3921586,135,0,0,0
http://cdn.itchimi.asia/flightstream/IMG_7547_NIR.jpg,http://cdn.itchimi.asia/flightstream/IMG_7547_NIR.jpg,42.5400336,-94.3921813,135,0,0,0
http://cdn.itchimi.asia/flightstream/IMG_7548_NIR.jpg,http://cdn.itchimi.asia/flightstream/IMG_7548_NIR.jpg,42.5403591,-94.3921667,135,0,0,0
http://cdn.itchimi.asia/flightstream/IMG_7549_NIR.jpg,http://cdn.itchimi.asia/flightstream/IMG_7549_NIR.jpg,42.5407072,-94.3921781,136,0,0,0
http://cdn.itchimi.asia/flightstream/IMG_7550_NIR.jpg,http://cdn.itchimi.asia/flightstream/IMG_7550_NIR.jpg,42.5410561,-94.3921689,136,0,0,0
http://cdn.itchimi.asia/flightstream/IMG_7551_NIR.jpg,http://cdn.itchimi.asia/flightstream/IMG_7551_NIR.jpg,42.5413833,-94.3921859,136,0,0,0
http://cdn.itchimi.asia/flightstream/IMG_7552_NIR.jpg,http://cdn.itchimi.asia/flightstream/IMG_7552_NIR.jpg,42.541736,-94.3921,136,0,0,0
http://cdn.itchimi.asia/flightstream/IMG_7553_NIR.jpg,http://cdn.itchimi.asia/flightstream/IMG_7553_NIR.jpg,42.542111,-94.3921268,136,0,0,0
http://cdn.itchimi.asia/flightstream/IMG_7554_NIR.jpg,http://cdn.itchimi.asia/flightstream/IMG_7554_NIR.jpg,42.5424779,-94.3921562,136,0,0,0
http://cdn.itchimi.asia/flightstream/IMG_7555_NIR.jpg,http://cdn.itchimi.asia/flightstream/IMG_7555_NIR.jpg,42.5420899,-94.3919131,134,0,0,0
http://cdn.itchimi.asia/flightstream/IMG_7556_NIR.jpg,http://cdn.itchimi.asia/flightstream/IMG_7556_NIR.jpg,42.5416113,-94.3918436,135,0,0,0
http://cdn.itchimi.asia/flightstream/IMG_7557_NIR.jpg,http://cdn.itchimi.asia/flightstream/IMG_7557_NIR.jpg,42.5411662,-94.3918787,135,0,0,0
http://cdn.itchimi.asia/flightstream/IMG_7558_NIR.jpg,http://cdn.itchimi.asia/flightstream/IMG_7558_NIR.jpg,42.540678,-94.3918842,135,0,0,0
http://cdn.itchimi.asia/flightstream/IMG_7559_NIR.jpg,http://cdn.itchimi.asia/flightstream/IMG_7559_NIR.jpg,42.5401999,-94.3918622,136,0,0,0
http://cdn.itchimi.asia/flightstream/IMG_7560_NIR.jpg,http://cdn.itchimi.asia/flightstream/IMG_7560_NIR.jpg,42.5397511,-94.3918857,136,0,0,0
http://cdn.itchimi.asia/flightstream/IMG_7561_NIR.jpg,http://cdn.itchimi.asia/flightstream/IMG_7561_NIR.jpg,42.5392951,-94.3918911,136,0,0,0
http://cdn.itchimi.asia/flightstream/IMG_7562_NIR.jpg,http://cdn.itchimi.asia/flightstream/IMG_7562_NIR.jpg,42.5388271,-94.3919043,136,0,0,0
http://cdn.itchimi.asia/flightstream/IMG_7563_NIR.jpg,http://cdn.itchimi.asia/flightstream/IMG_7563_NIR.jpg,42.5383523,-94.3919001,136,0,0,0
http://cdn.itchimi.asia/flightstream/IMG_7564_NIR.jpg,http://cdn.itchimi.asia/flightstream/IMG_7564_NIR.jpg,42.5387868,-94.3916046,134,0,0,0
http://cdn.itchimi.asia/flightstream/IMG_7565_NIR.jpg,http://cdn.itchimi.asia/flightstream/IMG_7565_NIR.jpg,42.5391416,-94.3915435,135,0,0,0
http://cdn.itchimi.asia/flightstream/IMG_7566_NIR.jpg,http://cdn.itchimi.asia/flightstream/IMG_7566_NIR.jpg,42.5395027,-94.3915747,135,0,0,0
http://cdn.itchimi.asia/flightstream/IMG_7567_NIR.jpg,http://cdn.itchimi.asia/flightstream/IMG_7567_NIR.jpg,42.5398408,-94.3915953,136,0,0,0
http://cdn.itchimi.asia/flightstream/IMG_7568_NIR.jpg,http://cdn.itchimi.asia/flightstream/IMG_7568_NIR.jpg,42.5401611,-94.3915782,136,0,0,0
http://cdn.itchimi.asia/flightstream/IMG_7569_NIR.jpg,http://cdn.itchimi.asia/flightstream/IMG_7569_NIR.jpg,42.5405033,-94.3916043,135,0,0,0
http://cdn.itchimi.asia/flightstream/IMG_7570_NIR.jpg,http://cdn.itchimi.asia/flightstream/IMG_7570_NIR.jpg,42.5408853,-94.3915723,136,0,0,0
http://cdn.itchimi.asia/flightstream/IMG_7571_NIR.jpg,http://cdn.itchimi.asia/flightstream/IMG_7571_NIR.jpg,42.5412656,-94.3915497,136,0,0,0
http://cdn.itchimi.asia/flightstream/IMG_7572_NIR.jpg,http://cdn.itchimi.asia/flightstream/IMG_7572_NIR.jpg,42.5416551,-94.3915686,136,0,0,0
http://cdn.itchimi.asia/flightstream/IMG_7573_NIR.jpg,http://cdn.itchimi.asia/flightstream/IMG_7573_NIR.jpg,42.5420538,-94.3915645,136,0,0,0
http://cdn.itchimi.asia/flightstream/IMG_7574_NIR.jpg,http://cdn.itchimi.asia/flightstream/IMG_7574_NIR.jpg,42.5424133,-94.3915669,136,0,0,0
http://cdn.itchimi.asia/flightstream/IMG_7575_NIR.jpg,http://cdn.itchimi.asia/flightstream/IMG_7575_NIR.jpg,42.5427764,-94.3915304,136,0,0,0
http://cdn.itchimi.asia/flightstream/IMG_7576_NIR.jpg,http://cdn.itchimi.asia/flightstream/IMG_7576_NIR.jpg,42.5420066,-94.3913053,134,0,0,0
http://cdn.itchimi.asia/flightstream/IMG_7577_NIR.jpg,http://cdn.itchimi.asia/flightstream/IMG_7577_NIR.jpg,42.5415239,-94.3912406,135,0,0,0
http://cdn.itchimi.asia/flightstream/IMG_7578_NIR.jpg,http://cdn.itchimi.asia/flightstream/IMG_7578_NIR.jpg,42.5410769,-94.3912908,135,0,0,0
http://cdn.itchimi.asia/flightstream/IMG_7579_NIR.jpg,http://cdn.itchimi.asia/flightstream/IMG_7579_NIR.jpg,42.5406144,-94.3912841,135,0,0,0
http://cdn.itchimi.asia/flightstream/IMG_7580_NIR.jpg,http://cdn.itchimi.asia/flightstream/IMG_7580_NIR.jpg,42.5401454,-94.3913256,136,0,0,0
http://cdn.itchimi.asia/flightstream/IMG_7581_NIR.jpg,http://cdn.itchimi.asia/flightstream/IMG_7581_NIR.jpg,42.539654,-94.3913085,135,0,0,0
http://cdn.itchimi.asia/flightstream/IMG_7582_NIR.jpg,http://cdn.itchimi.asia/flightstream/IMG_7582_NIR.jpg,42.5392051,-94.3912735,134,0,0,0
http://cdn.itchimi.asia/flightstream/IMG_7583_NIR.jpg,http://cdn.itchimi.asia/flightstream/IMG_7583_NIR.jpg,42.5387622,-94.3913176,134,0,0,0
http://cdn.itchimi.asia/flightstream/IMG_7584_NIR.jpg,http://cdn.itchimi.asia/flightstream/IMG_7584_NIR.jpg,42.5383153,-94.391322,135,0,0,0
http://cdn.itchimi.asia/flightstream/IMG_7585_NIR.jpg,http://cdn.itchimi.asia/flightstream/IMG_7585_NIR.jpg,42.538784,-94.3910216,134,0,0,0
http://cdn.itchimi.asia/flightstream/IMG_7586_NIR.jpg,http://cdn.itchimi.asia/flightstream/IMG_7586_NIR.jpg,42.5391451,-94.390979,134,0,0,0
http://cdn.itchimi.asia/flightstream/IMG_7587_NIR.jpg,http://cdn.itchimi.asia/flightstream/IMG_7587_NIR.jpg,42.5395169,-94.3910248,136,0,0,0
http://cdn.itchimi.asia/flightstream/IMG_7588_NIR.jpg,http://cdn.itchimi.asia/flightstream/IMG_7588_NIR.jpg,42.5398974,-94.3909943,136,0,0,0
http://cdn.itchimi.asia/flightstream/IMG_7589_NIR.jpg,http://cdn.itchimi.asia/flightstream/IMG_7589_NIR.jpg,42.5402802,-94.3909737,136,0,0,0
http://cdn.itchimi.asia/flightstream/IMG_7590_NIR.jpg,http://cdn.itchimi.asia/flightstream/IMG_7590_NIR.jpg,42.5406408,-94.3909938,136,0,0,0
http://cdn.itchimi.asia/flightstream/IMG_7591_NIR.jpg,http://cdn.itchimi.asia/flightstream/IMG_7591_NIR.jpg,42.5409841,-94.3910025,136,0,0,0
http://cdn.itchimi.asia/flightstream/IMG_7592_NIR.jpg,http://cdn.itchimi.asia/flightstream/IMG_7592_NIR.jpg,42.5413328,-94.3909449,136,0,0,0
http://cdn.itchimi.asia/flightstream/IMG_7593_NIR.jpg,http://cdn.itchimi.asia/flightstream/IMG_7593_NIR.jpg,42.5416709,-94.3909653,135,0,0,0
http://cdn.itchimi.asia/flightstream/IMG_7594_NIR.jpg,http://cdn.itchimi.asia/flightstream/IMG_7594_NIR.jpg,42.5420215,-94.3909862,135,0,0,0
http://cdn.itchimi.asia/flightstream/IMG_7595_NIR.jpg,http://cdn.itchimi.asia/flightstream/IMG_7595_NIR.jpg,42.542399,-94.3909589,135,0,0,0
http://cdn.itchimi.asia/flightstream/IMG_7596_NIR.jpg,http://cdn.itchimi.asia/flightstream/IMG_7596_NIR.jpg,42.5427269,-94.3909357,135,0,0,0
http://cdn.itchimi.asia/flightstream/IMG_7597_NIR.jpg,http://cdn.itchimi.asia/flightstream/IMG_7597_NIR.jpg,42.5419347,-94.3907092,134,0,0,0
http://cdn.itchimi.asia/flightstream/IMG_7598_NIR.jpg,http://cdn.itchimi.asia/flightstream/IMG_7598_NIR.jpg,42.5414659,-94.3906455,134,0,0,0
http://cdn.itchimi.asia/flightstream/IMG_7599_NIR.jpg,http://cdn.itchimi.asia/flightstream/IMG_7599_NIR.jpg,42.5409864,-94.3906783,135,0,0,0
http://cdn.itchimi.asia/flightstream/IMG_7600_NIR.jpg,http://cdn.itchimi.asia/flightstream/IMG_7600_NIR.jpg,42.5405136,-94.3906904,135,0,0,0
http://cdn.itchimi.asia/flightstream/IMG_7601_NIR.jpg,http://cdn.itchimi.asia/flightstream/IMG_7601_NIR.jpg,42.5400219,-94.3906981,135,0,0,0
http://cdn.itchimi.asia/flightstream/IMG_7602_NIR.jpg,http://cdn.itchimi.asia/flightstream/IMG_7602_NIR.jpg,42.5395237,-94.3907087,136,0,0,0
http://cdn.itchimi.asia/flightstream/IMG_7603_NIR.jpg,http://cdn.itchimi.asia/flightstream/IMG_7603_NIR.jpg,42.5390615,-94.3906849,136,0,0,0
http://cdn.itchimi.asia/flightstream/IMG_7604_NIR.jpg,http://cdn.itchimi.asia/flightstream/IMG_7604_NIR.jpg,42.5386048,-94.3907203,136,0,0,0
http://cdn.itchimi.asia/flightstream/IMG_7605_NIR.jpg,http://cdn.itchimi.asia/flightstream/IMG_7605_NIR.jpg,42.538146,-94.3907267,136,0,0,0
http://cdn.itchimi.asia/flightstream/IMG_7606_NIR.jpg,http://cdn.itchimi.asia/flightstream/IMG_7606_NIR.jpg,42.5385368,-94.3904505,134,0,0,0
http://cdn.itchimi.asia/flightstream/IMG_7607_NIR.jpg,http://cdn.itchimi.asia/flightstream/IMG_7607_NIR.jpg,42.5388801,-94.3903901,135,0,0,0
http://cdn.itchimi.asia/flightstream/IMG_7608_NIR.jpg,http://cdn.itchimi.asia/flightstream/IMG_7608_NIR.jpg,42.5392282,-94.3904383,136,0,0,0
http://cdn.itchimi.asia/flightstream/IMG_7609_NIR.jpg,http://cdn.itchimi.asia/flightstream/IMG_7609_NIR.jpg,42.539558,-94.3903799,135,0,0,0
http://cdn.itchimi.asia/flightstream/IMG_7610_NIR.jpg,http://cdn.itchimi.asia/flightstream/IMG_7610_NIR.jpg,42.5400112,-94.3904507,134,0,0,0
http://cdn.itchimi.asia/flightstream/IMG_7611_NIR.jpg,http://cdn.itchimi.asia/flightstream/IMG_7611_NIR.jpg,42.5403746,-94.3903866,135,0,0,0
http://cdn.itchimi.asia/flightstream/IMG_7612_NIR.jpg,http://cdn.itchimi.asia/flightstream/IMG_7612_NIR.jpg,42.5407315,-94.3903812,135,0,0,0
http://cdn.itchimi.asia/flightstream/IMG_7613_NIR.jpg,http://cdn.itchimi.asia/flightstream/IMG_7613_NIR.jpg,42.5410707,-94.3903734,135,0,0,0
http://cdn.itchimi.asia/flightstream/IMG_7614_NIR.jpg,http://cdn.itchimi.asia/flightstream/IMG_7614_NIR.jpg,42.5414009,-94.390398,135,0,0,0
http://cdn.itchimi.asia/flightstream/IMG_7615_NIR.jpg,http://cdn.itchimi.asia/flightstream/IMG_7615_NIR.jpg,42.5417133,-94.3903617,135,0,0,0
http://cdn.itchimi.asia/flightstream/IMG_7616_NIR.jpg,http://cdn.itchimi.asia/flightstream/IMG_7616_NIR.jpg,42.5420508,-94.3903536,135,0,0,0
http://cdn.itchimi.asia/flightstream/IMG_7617_NIR.jpg,http://cdn.itchimi.asia/flightstream/IMG_7617_NIR.jpg,42.5424013,-94.3903748,134,0,0,0
http://cdn.itchimi.asia/flightstream/IMG_7618_NIR.jpg,http://cdn.itchimi.asia/flightstream/IMG_7618_NIR.jpg,42.5427424,-94.3903461,135,0,0,0
http://cdn.itchimi.asia/flightstream/IMG_7619_NIR.jpg,http://cdn.itchimi.asia/flightstream/IMG_7619_NIR.jpg,42.5419599,-94.3901285,134,0,0,0
http://cdn.itchimi.asia/flightstream/IMG_7620_NIR.jpg,http://cdn.itchimi.asia/flightstream/IMG_7620_NIR.jpg,42.5415055,-94.3900416,134,0,0,0
http://cdn.itchimi.asia/flightstream/IMG_7621_NIR.jpg,http://cdn.itchimi.asia/flightstream/IMG_7621_NIR.jpg,42.5410812,-94.390079,134,0,0,0
http://cdn.itchimi.asia/flightstream/IMG_7622_NIR.jpg,http://cdn.itchimi.asia/flightstream/IMG_7622_NIR.jpg,42.5406263,-94.3901274,135,0,0,0
http://cdn.itchimi.asia/flightstream/IMG_7623_NIR.jpg,http://cdn.itchimi.asia/flightstream/IMG_7623_NIR.jpg,42.5401471,-94.3900954,135,0,0,0
http://cdn.itchimi.asia/flightstream/IMG_7624_NIR.jpg,http://cdn.itchimi.asia/flightstream/IMG_7624_NIR.jpg,42.5396915,-94.3900879,135,0,0,0
http://cdn.itchimi.asia/flightstream/IMG_7625_NIR.jpg,http://cdn.itchimi.asia/flightstream/IMG_7625_NIR.jpg,42.5392287,-94.39011,135,0,0,0
http://cdn.itchimi.asia/flightstream/IMG_7626_NIR.jpg,http://cdn.itchimi.asia/flightstream/IMG_7626_NIR.jpg,42.5387583,-94.3901012,136,0,0,0
http://cdn.itchimi.asia/flightstream/IMG_7627_NIR.jpg,http://cdn.itchimi.asia/flightstream/IMG_7627_NIR.jpg,42.5382929,-94.3901156,136,0,0,0
http://cdn.itchimi.asia/flightstream/IMG_7628_NIR.jpg,http://cdn.itchimi.asia/flightstream/IMG_7628_NIR.jpg,42.5386527,-94.3898317,135,0,0,0
http://cdn.itchimi.asia/flightstream/IMG_7629_NIR.jpg,http://cdn.itchimi.asia/flightstream/IMG_7629_NIR.jpg,42.5389962,-94.3897956,135,0,0,0
http://cdn.itchimi.asia/flightstream/IMG_7630_NIR.jpg,http://cdn.itchimi.asia/flightstream/IMG_7630_NIR.jpg,42.5393478,-94.3898566,136,0,0,0
http://cdn.itchimi.asia/flightstream/IMG_7631_NIR.jpg,http://cdn.itchimi.asia/flightstream/IMG_7631_NIR.jpg,42.5396793,-94.3898111,136,0,0,0
http://cdn.itchimi.asia/flightstream/IMG_7632_NIR.jpg,http://cdn.itchimi.asia/flightstream/IMG_7632_NIR.jpg,42.5400197,-94.3897594,135,0,0,0
http://cdn.itchimi.asia/flightstream/IMG_7633_NIR.jpg,http://cdn.itchimi.asia/flightstream/IMG_7633_NIR.jpg,42.5403682,-94.3897883,135,0,0,0
http://cdn.itchimi.asia/flightstream/IMG_7634_NIR.jpg,http://cdn.itchimi.asia/flightstream/IMG_7634_NIR.jpg,42.5407138,-94.3897757,135,0,0,0
http://cdn.itchimi.asia/flightstream/IMG_7635_NIR.jpg,http://cdn.itchimi.asia/flightstream/IMG_7635_NIR.jpg,42.5410342,-94.3897964,135,0,0,0
http://cdn.itchimi.asia/flightstream/IMG_7636_NIR.jpg,http://cdn.itchimi.asia/flightstream/IMG_7636_NIR.jpg,42.5413519,-94.3897487,135,0,0,0
http://cdn.itchimi.asia/flightstream/IMG_7637_NIR.jpg,http://cdn.itchimi.asia/flightstream/IMG_7637_NIR.jpg,42.5417124,-94.3897561,135,0,0,0
http://cdn.itchimi.asia/flightstream/IMG_7638_NIR.jpg,http://cdn.itchimi.asia/flightstream/IMG_7638_NIR.jpg,42.5420677,-94.3897579,135,0,0,0
http://cdn.itchimi.asia/flightstream/IMG_7639_NIR.jpg,http://cdn.itchimi.asia/flightstream/IMG_7639_NIR.jpg,42.5424203,-94.3897777,135,0,0,0
http://cdn.itchimi.asia/flightstream/IMG_7640_NIR.jpg,http://cdn.itchimi.asia/flightstream/IMG_7640_NIR.jpg,42.5419652,-94.3895214,134,0,0,0
http://cdn.itchimi.asia/flightstream/IMG_7641_NIR.jpg,http://cdn.itchimi.asia/flightstream/IMG_7641_NIR.jpg,42.5415127,-94.3894438,135,0,0,0
http://cdn.itchimi.asia/flightstream/IMG_7642_NIR.jpg,http://cdn.itchimi.asia/flightstream/IMG_7642_NIR.jpg,42.5410719,-94.3894986,135,0,0,0
http://cdn.itchimi.asia/flightstream/IMG_7643_NIR.jpg,http://cdn.itchimi.asia/flightstream/IMG_7643_NIR.jpg,42.5406119,-94.3895025,135,0,0,0
http://cdn.itchimi.asia/flightstream/IMG_7644_NIR.jpg,http://cdn.itchimi.asia/flightstream/IMG_7644_NIR.jpg,42.5401338,-94.3894895,136,0,0,0
http://cdn.itchimi.asia/flightstream/IMG_7645_NIR.jpg,http://cdn.itchimi.asia/flightstream/IMG_7645_NIR.jpg,42.5396679,-94.3895219,136,0,0,0
http://cdn.itchimi.asia/flightstream/IMG_7646_NIR.jpg,http://cdn.itchimi.asia/flightstream/IMG_7646_NIR.jpg,42.5391725,-94.3895143,136,0,0,0
http://cdn.itchimi.asia/flightstream/IMG_7647_NIR.jpg,http://cdn.itchimi.asia/flightstream/IMG_7647_NIR.jpg,42.5386744,-94.3895313,136,0,0,0
http://cdn.itchimi.asia/flightstream/IMG_7648_NIR.jpg,http://cdn.itchimi.asia/flightstream/IMG_7648_NIR.jpg,42.5382072,-94.3895155,136,0,0,0
http://cdn.itchimi.asia/flightstream/IMG_7649_NIR.jpg,http://cdn.itchimi.asia/flightstream/IMG_7649_NIR.jpg,42.5386156,-94.3892334,135,0,0,0
http://cdn.itchimi.asia/flightstream/IMG_7650_NIR.jpg,http://cdn.itchimi.asia/flightstream/IMG_7650_NIR.jpg,42.5389611,-94.3892103,135,0,0,0
http://cdn.itchimi.asia/flightstream/IMG_7651_NIR.jpg,http://cdn.itchimi.asia/flightstream/IMG_7651_NIR.jpg,42.5393074,-94.3892075,135,0,0,0
http://cdn.itchimi.asia/flightstream/IMG_7652_NIR.jpg,http://cdn.itchimi.asia/flightstream/IMG_7652_NIR.jpg,42.5396757,-94.3892183,135,0,0,0
http://cdn.itchimi.asia/flightstream/IMG_7653_NIR.jpg,http://cdn.itchimi.asia/flightstream/IMG_7653_NIR.jpg,42.5400575,-94.3892365,136,0,0,0
http://cdn.itchimi.asia/flightstream/IMG_7654_NIR.jpg,http://cdn.itchimi.asia/flightstream/IMG_7654_NIR.jpg,42.5404179,-94.3892296,136,0,0,0
http://cdn.itchimi.asia/flightstream/IMG_7655_NIR.jpg,http://cdn.itchimi.asia/flightstream/IMG_7655_NIR.jpg,42.5407928,-94.3892039,136,0,0,0
http://cdn.itchimi.asia/flightstream/IMG_7656_NIR.jpg,http://cdn.itchimi.asia/flightstream/IMG_7656_NIR.jpg,42.5411694,-94.3891728,136,0,0,0
http://cdn.itchimi.asia/flightstream/IMG_7657_NIR.jpg,http://cdn.itchimi.asia/flightstream/IMG_7657_NIR.jpg,42.5415245,-94.38918,136,0,0,0
http://cdn.itchimi.asia/flightstream/IMG_7658_NIR.jpg,http://cdn.itchimi.asia/flightstream/IMG_7658_NIR.jpg,42.5418629,-94.3891697,135,0,0,0
http://cdn.itchimi.asia/flightstream/IMG_7659_NIR.jpg,http://cdn.itchimi.asia/flightstream/IMG_7659_NIR.jpg,42.5422093,-94.3891518,134,0,0,0
http://cdn.itchimi.asia/flightstream/IMG_7660_NIR.jpg,http://cdn.itchimi.asia/flightstream/IMG_7660_NIR.jpg,42.5425977,-94.3891635,135,0,0,0
http://cdn.itchimi.asia/flightstream/IMG_7661_NIR.jpg,http://cdn.itchimi.asia/flightstream/IMG_7661_NIR.jpg,42.5420526,-94.3889626,133,0,0,0
http://cdn.itchimi.asia/flightstream/IMG_7662_NIR.jpg,http://cdn.itchimi.asia/flightstream/IMG_7662_NIR.jpg,42.5415474,-94.3888465,134,0,0,0
http://cdn.itchimi.asia/flightstream/IMG_7663_NIR.jpg,http://cdn.itchimi.asia/flightstream/IMG_7663_NIR.jpg,42.5410801,-94.3889436,135,0,0,0
http://cdn.itchimi.asia/flightstream/IMG_7664_NIR.jpg,http://cdn.itchimi.asia/flightstream/IMG_7664_NIR.jpg,42.5406169,-94.3888644,135,0,0,0
http://cdn.itchimi.asia/flightstream/IMG_7665_NIR.jpg,http://cdn.itchimi.asia/flightstream/IMG_7665_NIR.jpg,42.5401767,-94.3889414,135,0,0,0
http://cdn.itchimi.asia/flightstream/IMG_7666_NIR.jpg,http://cdn.itchimi.asia/flightstream/IMG_7666_NIR.jpg,42.539738,-94.3888823,135,0,0,0
http://cdn.itchimi.asia/flightstream/IMG_7667_NIR.jpg,http://cdn.itchimi.asia/flightstream/IMG_7667_NIR.jpg,42.5392937,-94.3889437,136,0,0,0
http://cdn.itchimi.asia/flightstream/IMG_7668_NIR.jpg,http://cdn.itchimi.asia/flightstream/IMG_7668_NIR.jpg,42.5388227,-94.3889154,135,0,0,0
http://cdn.itchimi.asia/flightstream/IMG_7669_NIR.jpg,http://cdn.itchimi.asia/flightstream/IMG_7669_NIR.jpg,42.5383598,-94.3889436,135,0,0,0
http://cdn.itchimi.asia/flightstream/IMG_7670_NIR.jpg,http://cdn.itchimi.asia/flightstream/IMG_7670_NIR.jpg,42.5386402,-94.3886419,135,0,0,0
http://cdn.itchimi.asia/flightstream/IMG_7671_NIR.jpg,http://cdn.itchimi.asia/flightstream/IMG_7671_NIR.jpg,42.5390009,-94.3886168,136,0,0,0
http://cdn.itchimi.asia/flightstream/IMG_7672_NIR.jpg,http://cdn.itchimi.asia/flightstream/IMG_7672_NIR.jpg,42.5393675,-94.3886231,136,0,0,0
http://cdn.itchimi.asia/flightstream/IMG_7673_NIR.jpg,http://cdn.itchimi.asia/flightstream/IMG_7673_NIR.jpg,42.5397521,-94.3885956,136,0,0,0
http://cdn.itchimi.asia/flightstream/IMG_7674_NIR.jpg,http://cdn.itchimi.asia/flightstream/IMG_7674_NIR.jpg,42.5401015,-94.3885972,136,0,0,0
http://cdn.itchimi.asia/flightstream/IMG_7675_NIR.jpg,http://cdn.itchimi.asia/flightstream/IMG_7675_NIR.jpg,42.5404627,-94.3885781,136,0,0,0
http://cdn.itchimi.asia/flightstream/IMG_7676_NIR.jpg,http://cdn.itchimi.asia/flightstream/IMG_7676_NIR.jpg,42.5407939,-94.3886364,136,0,0,0
http://cdn.itchimi.asia/flightstream/IMG_7677_NIR.jpg,http://cdn.itchimi.asia/flightstream/IMG_7677_NIR.jpg,42.5411415,-94.3885708,135,0,0,0
http://cdn.itchimi.asia/flightstream/IMG_7678_NIR.jpg,http://cdn.itchimi.asia/flightstream/IMG_7678_NIR.jpg,42.541516,-94.3885221,135,0,0,0
http://cdn.itchimi.asia/flightstream/IMG_7679_NIR.jpg,http://cdn.itchimi.asia/flightstream/IMG_7679_NIR.jpg,42.5418385,-94.3885808,135,0,0,0
http://cdn.itchimi.asia/flightstream/IMG_7680_NIR.jpg,http://cdn.itchimi.asia/flightstream/IMG_7680_NIR.jpg,42.5422014,-94.3885399,135,0,0,0
http://cdn.itchimi.asia/flightstream/IMG_7681_NIR.jpg,http://cdn.itchimi.asia/flightstream/IMG_7681_NIR.jpg,42.5425946,-94.3885999,135,0,0,0
http://cdn.itchimi.asia/flightstream/IMG_7682_NIR.jpg,http://cdn.itchimi.asia/flightstream/IMG_7682_NIR.jpg,42.5421388,-94.3883215,135,0,0,0
http://cdn.itchimi.asia/flightstream/IMG_7683_NIR.jpg,http://cdn.itchimi.asia/flightstream/IMG_7683_NIR.jpg,42.5416808,-94.3882921,133,0,0,0
http://cdn.itchimi.asia/flightstream/IMG_7684_NIR.jpg,http://cdn.itchimi.asia/flightstream/IMG_7684_NIR.jpg,42.5412719,-94.3883067,134,0,0,0
http://cdn.itchimi.asia/flightstream/IMG_7685_NIR.jpg,http://cdn.itchimi.asia/flightstream/IMG_7685_NIR.jpg,42.540837,-94.3883093,134,0,0,0
http://cdn.itchimi.asia/flightstream/IMG_7686_NIR.jpg,http://cdn.itchimi.asia/flightstream/IMG_7686_NIR.jpg,42.5403989,-94.3883043,135,0,0,0
http://cdn.itchimi.asia/flightstream/IMG_7687_NIR.jpg,http://cdn.itchimi.asia/flightstream/IMG_7687_NIR.jpg,42.5399592,-94.3883095,135,0,0,0
http://cdn.itchimi.asia/flightstream/IMG_7688_NIR.jpg,http://cdn.itchimi.asia/flightstream/IMG_7688_NIR.jpg,42.539511,-94.3882858,135,0,0,0
http://cdn.itchimi.asia/flightstream/IMG_7689_NIR.jpg,http://cdn.itchimi.asia/flightstream/IMG_7689_NIR.jpg,42.5390722,-94.3883045,136,0,0,0
http://cdn.itchimi.asia/flightstream/IMG_7690_NIR.jpg,http://cdn.itchimi.asia/flightstream/IMG_7690_NIR.jpg,42.5386228,-94.3883761,136,0,0,0
http://cdn.itchimi.asia/flightstream/IMG_7691_NIR.jpg,http://cdn.itchimi.asia/flightstream/IMG_7691_NIR.jpg,42.5381778,-94.3883249,135,0,0,0
http://cdn.itchimi.asia/flightstream/IMG_7692_NIR.jpg,http://cdn.itchimi.asia/flightstream/IMG_7692_NIR.jpg,42.5387494,-94.3880385,135,0,0,0
http://cdn.itchimi.asia/flightstream/IMG_7693_NIR.jpg,http://cdn.itchimi.asia/flightstream/IMG_7693_NIR.jpg,42.5391193,-94.3880106,135,0,0,0
http://cdn.itchimi.asia/flightstream/IMG_7694_NIR.jpg,http://cdn.itchimi.asia/flightstream/IMG_7694_NIR.jpg,42.5395002,-94.3880651,135,0,0,0
http://cdn.itchimi.asia/flightstream/IMG_7695_NIR.jpg,http://cdn.itchimi.asia/flightstream/IMG_7695_NIR.jpg,42.539874,-94.3879709,135,0,0,0
http://cdn.itchimi.asia/flightstream/IMG_7696_NIR.jpg,http://cdn.itchimi.asia/flightstream/IMG_7696_NIR.jpg,42.5402611,-94.3880183,136,0,0,0
http://cdn.itchimi.asia/flightstream/IMG_7697_NIR.jpg,http://cdn.itchimi.asia/flightstream/IMG_7697_NIR.jpg,42.5406491,-94.3879921,135,0,0,0
http://cdn.itchimi.asia/flightstream/IMG_7698_NIR.jpg,http://cdn.itchimi.asia/flightstream/IMG_7698_NIR.jpg,42.5410126,-94.3879927,135,0,0,0
http://cdn.itchimi.asia/flightstream/IMG_7699_NIR.jpg,http://cdn.itchimi.asia/flightstream/IMG_7699_NIR.jpg,42.5413945,-94.3880399,135,0,0,0
http://cdn.itchimi.asia/flightstream/IMG_7700_NIR.jpg,http://cdn.itchimi.asia/flightstream/IMG_7700_NIR.jpg,42.5417715,-94.3879841,135,0,0,0
http://cdn.itchimi.asia/flightstream/IMG_7701_NIR.jpg,http://cdn.itchimi.asia/flightstream/IMG_7701_NIR.jpg,42.5421472,-94.3879765,136,0,0,0
http://cdn.itchimi.asia/flightstream/IMG_7702_NIR.jpg,http://cdn.itchimi.asia/flightstream/IMG_7702_NIR.jpg,42.5425517,-94.3879811,136,0,0,0
http://cdn.itchimi.asia/flightstream/IMG_7703_NIR.jpg,http://cdn.itchimi.asia/flightstream/IMG_7703_NIR.jpg,42.5429346,-94.3879702,136,0,0,0
http://cdn.itchimi.asia/flightstream/IMG_7704_NIR.jpg,http://cdn.itchimi.asia/flightstream/IMG_7704_NIR.jpg,42.5432883,-94.387956,135,0,0,0
http://cdn.itchimi.asia/flightstream/IMG_7705_NIR.jpg,http://cdn.itchimi.asia/flightstream/IMG_7705_NIR.jpg,42.543646,-94.3879766,135,0,0,0
http://cdn.itchimi.asia/flightstream/IMG_7706_NIR.jpg,http://cdn.itchimi.asia/flightstream/IMG_7706_NIR.jpg,42.5440129,-94.3879308,136,0,0,0
http://cdn.itchimi.asia/flightstream/IMG_7707_NIR.jpg,http://cdn.itchimi.asia/flightstream/IMG_7707_NIR.jpg,42.5443751,-94.3879327,136,0,0,0
http://cdn.itchimi.asia/flightstream/IMG_7708_NIR.jpg,http://cdn.itchimi.asia/flightstream/IMG_7708_NIR.jpg,42.5446968,-94.3879167,135,0,0,0
http://cdn.itchimi.asia/flightstream/IMG_7709_NIR.jpg,http://cdn.itchimi.asia/flightstream/IMG_7709_NIR.jpg,42.5450365,-94.38793,135,0,0,0
http://cdn.itchimi.asia/flightstream/IMG_7710_NIR.jpg,http://cdn.itchimi.asia/flightstream/IMG_7710_NIR.jpg,42.5453743,-94.3879414,135,0,0,0
http://cdn.itchimi.asia/flightstream/IMG_7711_NIR.jpg,http://cdn.itchimi.asia/flightstream/IMG_7711_NIR.jpg,42.5457015,-94.3879474,135,0,0,0
http://cdn.itchimi.asia/flightstream/IMG_7712_NIR.jpg,http://cdn.itchimi.asia/flightstream/IMG_7712_NIR.jpg,42.5460413,-94.387932,135,0,0,0
http://cdn.itchimi.asia/flightstream/IMG_7713_NIR.jpg,http://cdn.itchimi.asia/flightstream/IMG_7713_NIR.jpg,42.5454106,-94.3876839,135,0,0,0
http://cdn.itchimi.asia/flightstream/IMG_7714_NIR.jpg,http://cdn.itchimi.asia/flightstream/IMG_7714_NIR.jpg,42.5449163,-94.3876,135,0,0,0
http://cdn.itchimi.asia/flightstream/IMG_7715_NIR.jpg,http://cdn.itchimi.asia/flightstream/IMG_7715_NIR.jpg,42.5444068,-94.3876519,135,0,0,0
http://cdn.itchimi.asia/flightstream/IMG_7716_NIR.jpg,http://cdn.itchimi.asia/flightstream/IMG_7716_NIR.jpg,42.5439485,-94.3876564,134,0,0,0
http://cdn.itchimi.asia/flightstream/IMG_7717_NIR.jpg,http://cdn.itchimi.asia/flightstream/IMG_7717_NIR.jpg,42.5434767,-94.3876797,134,0,0,0
http://cdn.itchimi.asia/flightstream/IMG_7718_NIR.jpg,http://cdn.itchimi.asia/flightstream/IMG_7718_NIR.jpg,42.5429832,-94.3876474,135,0,0,0
http://cdn.itchimi.asia/flightstream/IMG_7719_NIR.jpg,http://cdn.itchimi.asia/flightstream/IMG_7719_NIR.jpg,42.5425252,-94.3876933,135,0,0,0
http://cdn.itchimi.asia/flightstream/IMG_7720_NIR.jpg,http://cdn.itchimi.asia/flightstream/IMG_7720_NIR.jpg,42.5420609,-94.3876898,135,0,0,0
http://cdn.itchimi.asia/flightstream/IMG_7721_NIR.jpg,http://cdn.itchimi.asia/flightstream/IMG_7721_NIR.jpg,42.541597,-94.3877083,135,0,0,0
http://cdn.itchimi.asia/flightstream/IMG_7722_NIR.jpg,http://cdn.itchimi.asia/flightstream/IMG_7722_NIR.jpg,42.5411134,-94.3876989,135,0,0,0
http://cdn.itchimi.asia/flightstream/IMG_7723_NIR.jpg,http://cdn.itchimi.asia/flightstream/IMG_7723_NIR.jpg,42.5406476,-94.3876803,135,0,0,0
http://cdn.itchimi.asia/flightstream/IMG_7724_NIR.jpg,http://cdn.itchimi.asia/flightstream/IMG_7724_NIR.jpg,42.5401968,-94.3877012,135,0,0,0
http://cdn.itchimi.asia/flightstream/IMG_7725_NIR.jpg,http://cdn.itchimi.asia/flightstream/IMG_7725_NIR.jpg,42.5397607,-94.3877191,135,0,0,0
http://cdn.itchimi.asia/flightstream/IMG_7726_NIR.jpg,http://cdn.itchimi.asia/flightstream/IMG_7726_NIR.jpg,42.5393055,-94.3876926,136,0,0,0
http://cdn.itchimi.asia/flightstream/IMG_7727_NIR.jpg,http://cdn.itchimi.asia/flightstream/IMG_7727_NIR.jpg,42.5388644,-94.38775,135,0,0,0
http://cdn.itchimi.asia/flightstream/IMG_7728_NIR.jpg,http://cdn.itchimi.asia/flightstream/IMG_7728_NIR.jpg,42.5384086,-94.3877144,136,0,0,0
http://cdn.itchimi.asia/flightstream/IMG_7729_NIR.jpg,http://cdn.itchimi.asia/flightstream/IMG_7729_NIR.jpg,42.5386508,-94.3874725,135,0,0,0
http://cdn.itchimi.asia/flightstream/IMG_7730_NIR.jpg,http://cdn.itchimi.asia/flightstream/IMG_7730_NIR.jpg,42.5390616,-94.387401,135,0,0,0
http://cdn.itchimi.asia/flightstream/IMG_7731_NIR.jpg,http://cdn.itchimi.asia/flightstream/IMG_7731_NIR.jpg,42.5394545,-94.3874246,135,0,0,0
http://cdn.itchimi.asia/flightstream/IMG_7732_NIR.jpg,http://cdn.itchimi.asia/flightstream/IMG_7732_NIR.jpg,42.5398281,-94.3874066,135,0,0,0
http://cdn.itchimi.asia/flightstream/IMG_7733_NIR.jpg,http://cdn.itchimi.asia/flightstream/IMG_7733_NIR.jpg,42.5401726,-94.3874301,135,0,0,0
http://cdn.itchimi.asia/flightstream/IMG_7734_NIR.jpg,http://cdn.itchimi.asia/flightstream/IMG_7734_NIR.jpg,42.5405204,-94.3874197,135,0,0,0
http://cdn.itchimi.asia/flightstream/IMG_7735_NIR.jpg,http://cdn.itchimi.asia/flightstream/IMG_7735_NIR.jpg,42.5408566,-94.3873884,135,0,0,0
http://cdn.itchimi.asia/flightstream/IMG_7736_NIR.jpg,http://cdn.itchimi.asia/flightstream/IMG_7736_NIR.jpg,42.5411794,-94.3874078,136,0,0,0
http://cdn.itchimi.asia/flightstream/IMG_7737_NIR.jpg,http://cdn.itchimi.asia/flightstream/IMG_7737_NIR.jpg,42.5415024,-94.3873831,135,0,0,0
http://cdn.itchimi.asia/flightstream/IMG_7738_NIR.jpg,http://cdn.itchimi.asia/flightstream/IMG_7738_NIR.jpg,42.5418158,-94.3873912,135,0,0,0
http://cdn.itchimi.asia/flightstream/IMG_7739_NIR.jpg,http://cdn.itchimi.asia/flightstream/IMG_7739_NIR.jpg,42.5421357,-94.3873932,136,0,0,0
http://cdn.itchimi.asia/flightstream/IMG_7740_NIR.jpg,http://cdn.itchimi.asia/flightstream/IMG_7740_NIR.jpg,42.5424412,-94.3873947,136,0,0,0
http://cdn.itchimi.asia/flightstream/IMG_7741_NIR.jpg,http://cdn.itchimi.asia/flightstream/IMG_7741_NIR.jpg,42.54275,-94.3873937,136,0,0,0
http://cdn.itchimi.asia/flightstream/IMG_7742_NIR.jpg,http://cdn.itchimi.asia/flightstream/IMG_7742_NIR.jpg,42.5430639,-94.3873307,135,0,0,0
http://cdn.itchimi.asia/flightstream/IMG_7743_NIR.jpg,http://cdn.itchimi.asia/flightstream/IMG_7743_NIR.jpg,42.5433858,-94.3873526,135,0,0,0
http://cdn.itchimi.asia/flightstream/IMG_7744_NIR.jpg,http://cdn.itchimi.asia/flightstream/IMG_7744_NIR.jpg,42.5437222,-94.3873446,135,0,0,0
http://cdn.itchimi.asia/flightstream/IMG_7745_NIR.jpg,http://cdn.itchimi.asia/flightstream/IMG_7745_NIR.jpg,42.5440579,-94.3873284,135,0,0,0
http://cdn.itchimi.asia/flightstream/IMG_7746_NIR.jpg,http://cdn.itchimi.asia/flightstream/IMG_7746_NIR.jpg,42.5443868,-94.3873462,135,0,0,0
http://cdn.itchimi.asia/flightstream/IMG_7747_NIR.jpg,http://cdn.itchimi.asia/flightstream/IMG_7747_NIR.jpg,42.5447168,-94.3873686,135,0,0,0
http://cdn.itchimi.asia/flightstream/IMG_7748_NIR.jpg,http://cdn.itchimi.asia/flightstream/IMG_7748_NIR.jpg,42.5450461,-94.3873217,135,0,0,0
http://cdn.itchimi.asia/flightstream/IMG_7749_NIR.jpg,http://cdn.itchimi.asia/flightstream/IMG_7749_NIR.jpg,42.5453893,-94.3873322,135,0,0,0
http://cdn.itchimi.asia/flightstream/IMG_7750_NIR.jpg,http://cdn.itchimi.asia/flightstream/IMG_7750_NIR.jpg,42.5457476,-94.3873328,135,0,0,0
http://cdn.itchimi.asia/flightstream/IMG_7751_NIR.jpg,http://cdn.itchimi.asia/flightstream/IMG_7751_NIR.jpg,42.5460744,-94.3873632,135,0,0,0
http://cdn.itchimi.asia/flightstream/IMG_7752_NIR.jpg,http://cdn.itchimi.asia/flightstream/IMG_7752_NIR.jpg,42.5453368,-94.3870823,134,0,0,0
http://cdn.itchimi.asia/flightstream/IMG_7753_NIR.jpg,http://cdn.itchimi.asia/flightstream/IMG_7753_NIR.jpg,42.5448786,-94.3870318,134,0,0,0
http://cdn.itchimi.asia/flightstream/IMG_7754_NIR.jpg,http://cdn.itchimi.asia/flightstream/IMG_7754_NIR.jpg,42.5444248,-94.3870603,134,0,0,0
http://cdn.itchimi.asia/flightstream/IMG_7755_NIR.jpg,http://cdn.itchimi.asia/flightstream/IMG_7755_NIR.jpg,42.543968,-94.3870556,134,0,0,0
http://cdn.itchimi.asia/flightstream/IMG_7756_NIR.jpg,http://cdn.itchimi.asia/flightstream/IMG_7756_NIR.jpg,42.543527,-94.3870634,134,0,0,0
http://cdn.itchimi.asia/flightstream/IMG_7757_NIR.jpg,http://cdn.itchimi.asia/flightstream/IMG_7757_NIR.jpg,42.54307,-94.3870605,135,0,0,0
http://cdn.itchimi.asia/flightstream/IMG_7758_NIR.jpg,http://cdn.itchimi.asia/flightstream/IMG_7758_NIR.jpg,42.5426225,-94.3870808,135,0,0,0
http://cdn.itchimi.asia/flightstream/IMG_7759_NIR.jpg,http://cdn.itchimi.asia/flightstream/IMG_7759_NIR.jpg,42.5421685,-94.3870768,135,0,0,0
http://cdn.itchimi.asia/flightstream/IMG_7760_NIR.jpg,http://cdn.itchimi.asia/flightstream/IMG_7760_NIR.jpg,42.5417221,-94.3871034,135,0,0,0
http://cdn.itchimi.asia/flightstream/IMG_7761_NIR.jpg,http://cdn.itchimi.asia/flightstream/IMG_7761_NIR.jpg,42.5412634,-94.387086,135,0,0,0
http://cdn.itchimi.asia/flightstream/IMG_7762_NIR.jpg,http://cdn.itchimi.asia/flightstream/IMG_7762_NIR.jpg,42.5408157,-94.387105,135,0,0,0
http://cdn.itchimi.asia/flightstream/IMG_7763_NIR.jpg,http://cdn.itchimi.asia/flightstream/IMG_7763_NIR.jpg,42.5403642,-94.3871031,135,0,0,0
http://cdn.itchimi.asia/flightstream/IMG_7764_NIR.jpg,http://cdn.itchimi.asia/flightstream/IMG_7764_NIR.jpg,42.5399048,-94.3871219,135,0,0,0
http://cdn.itchimi.asia/flightstream/IMG_7765_NIR.jpg,http://cdn.itchimi.asia/flightstream/IMG_7765_NIR.jpg,42.5394479,-94.3871237,135,0,0,0
http://cdn.itchimi.asia/flightstream/IMG_7766_NIR.jpg,http://cdn.itchimi.asia/flightstream/IMG_7766_NIR.jpg,42.5389591,-94.3871143,135,0,0,0
http://cdn.itchimi.asia/flightstream/IMG_7767_NIR.jpg,http://cdn.itchimi.asia/flightstream/IMG_7767_NIR.jpg,42.5384567,-94.3871445,136,0,0,0
http://cdn.itchimi.asia/flightstream/IMG_7768_NIR.jpg,http://cdn.itchimi.asia/flightstream/IMG_7768_NIR.jpg,42.5386795,-94.3868828,135,0,0,0
http://cdn.itchimi.asia/flightstream/IMG_7769_NIR.jpg,http://cdn.itchimi.asia/flightstream/IMG_7769_NIR.jpg,42.539018,-94.3868131,135,0,0,0
http://cdn.itchimi.asia/flightstream/IMG_7770_NIR.jpg,http://cdn.itchimi.asia/flightstream/IMG_7770_NIR.jpg,42.5393439,-94.3868481,135,0,0,0
http://cdn.itchimi.asia/flightstream/IMG_7771_NIR.jpg,http://cdn.itchimi.asia/flightstream/IMG_7771_NIR.jpg,42.5396725,-94.3868576,135,0,0,0
http://cdn.itchimi.asia/flightstream/IMG_7772_NIR.jpg,http://cdn.itchimi.asia/flightstream/IMG_7772_NIR.jpg,42.5400278,-94.386808,135,0,0,0
http://cdn.itchimi.asia/flightstream/IMG_7773_NIR.jpg,http://cdn.itchimi.asia/flightstream/IMG_7773_NIR.jpg,42.5403891,-94.3868358,135,0,0,0
http://cdn.itchimi.asia/flightstream/IMG_7774_NIR.jpg,http://cdn.itchimi.asia/flightstream/IMG_7774_NIR.jpg,42.5407467,-94.3868116,135,0,0,0
http://cdn.itchimi.asia/flightstream/IMG_7775_NIR.jpg,http://cdn.itchimi.asia/flightstream/IMG_7775_NIR.jpg,42.5410861,-94.3868144,135,0,0,0
http://cdn.itchimi.asia/flightstream/IMG_7776_NIR.jpg,http://cdn.itchimi.asia/flightstream/IMG_7776_NIR.jpg,42.5414268,-94.3867985,135,0,0,0
http://cdn.itchimi.asia/flightstream/IMG_7777_NIR.jpg,http://cdn.itchimi.asia/flightstream/IMG_7777_NIR.jpg,42.5418071,-94.3868131,135,0,0,0
http://cdn.itchimi.asia/flightstream/IMG_7778_NIR.jpg,http://cdn.itchimi.asia/flightstream/IMG_7778_NIR.jpg,42.5421621,-94.3867954,136,0,0,0
http://cdn.itchimi.asia/flightstream/IMG_7779_NIR.jpg,http://cdn.itchimi.asia/flightstream/IMG_7779_NIR.jpg,42.5424826,-94.3867975,136,0,0,0
http://cdn.itchimi.asia/flightstream/IMG_7780_NIR.jpg,http://cdn.itchimi.asia/flightstream/IMG_7780_NIR.jpg,42.5428106,-94.3867684,136,0,0,0
http://cdn.itchimi.asia/flightstream/IMG_7781_NIR.jpg,http://cdn.itchimi.asia/flightstream/IMG_7781_NIR.jpg,42.5431377,-94.3867689,135,0,0,0
http://cdn.itchimi.asia/flightstream/IMG_7782_NIR.jpg,http://cdn.itchimi.asia/flightstream/IMG_7782_NIR.jpg,42.5434889,-94.3867888,136,0,0,0
http://cdn.itchimi.asia/flightstream/IMG_7783_NIR.jpg,http://cdn.itchimi.asia/flightstream/IMG_7783_NIR.jpg,42.5438285,-94.3867546,135,0,0,0
http://cdn.itchimi.asia/flightstream/IMG_7784_NIR.jpg,http://cdn.itchimi.asia/flightstream/IMG_7784_NIR.jpg,42.5441643,-94.3867658,135,0,0,0
http://cdn.itchimi.asia/flightstream/IMG_7785_NIR.jpg,http://cdn.itchimi.asia/flightstream/IMG_7785_NIR.jpg,42.5444931,-94.3867823,135,0,0,0
http://cdn.itchimi.asia/flightstream/IMG_7786_NIR.jpg,http://cdn.itchimi.asia/flightstream/IMG_7786_NIR.jpg,42.5448309,-94.3867263,134,0,0,0
http://cdn.itchimi.asia/flightstream/IMG_7787_NIR.jpg,http://cdn.itchimi.asia/flightstream/IMG_7787_NIR.jpg,42.5451664,-94.3867394,135,0,0,0
http://cdn.itchimi.asia/flightstream/IMG_7788_NIR.jpg,http://cdn.itchimi.asia/flightstream/IMG_7788_NIR.jpg,42.5455052,-94.38673,135,0,0,0
http://cdn.itchimi.asia/flightstream/IMG_7789_NIR.jpg,http://cdn.itchimi.asia/flightstream/IMG_7789_NIR.jpg,42.5458437,-94.3867518,135,0,0,0
http://cdn.itchimi.asia/flightstream/IMG_7790_NIR.jpg,http://cdn.itchimi.asia/flightstream/IMG_7790_NIR.jpg,42.5461846,-94.3866906,135,0,0,0
http://cdn.itchimi.asia/flightstream/IMG_7791_NIR.jpg,http://cdn.itchimi.asia/flightstream/IMG_7791_NIR.jpg,42.5454011,-94.3864784,133,0,0,0
http://cdn.itchimi.asia/flightstream/IMG_7792_NIR.jpg,http://cdn.itchimi.asia/flightstream/IMG_7792_NIR.jpg,42.5449446,-94.3864394,134,0,0,0
http://cdn.itchimi.asia/flightstream/IMG_7793_NIR.jpg,http://cdn.itchimi.asia/flightstream/IMG_7793_NIR.jpg,42.5445005,-94.3864672,134,0,0,0
http://cdn.itchimi.asia/flightstream/IMG_7794_NIR.jpg,http://cdn.itchimi.asia/flightstream/IMG_7794_NIR.jpg,42.5440606,-94.3864727,134,0,0,0
http://cdn.itchimi.asia/flightstream/IMG_7795_NIR.jpg,http://cdn.itchimi.asia/flightstream/IMG_7795_NIR.jpg,42.543617,-94.3864794,134,0,0,0
http://cdn.itchimi.asia/flightstream/IMG_7796_NIR.jpg,http://cdn.itchimi.asia/flightstream/IMG_7796_NIR.jpg,42.5431707,-94.3864563,134,0,0,0
http://cdn.itchimi.asia/flightstream/IMG_7797_NIR.jpg,http://cdn.itchimi.asia/flightstream/IMG_7797_NIR.jpg,42.5427313,-94.386501,135,0,0,0
http://cdn.itchimi.asia/flightstream/IMG_7798_NIR.jpg,http://cdn.itchimi.asia/flightstream/IMG_7798_NIR.jpg,42.5422875,-94.3865044,135,0,0,0
http://cdn.itchimi.asia/flightstream/IMG_7799_NIR.jpg,http://cdn.itchimi.asia/flightstream/IMG_7799_NIR.jpg,42.5418261,-94.386503,135,0,0,0
http://cdn.itchimi.asia/flightstream/IMG_7800_NIR.jpg,http://cdn.itchimi.asia/flightstream/IMG_7800_NIR.jpg,42.5413758,-94.386503,135,0,0,0
http://cdn.itchimi.asia/flightstream/IMG_7801_NIR.jpg,http://cdn.itchimi.asia/flightstream/IMG_7801_NIR.jpg,42.5409182,-94.3865016,135,0,0,0
http://cdn.itchimi.asia/flightstream/IMG_7802_NIR.jpg,http://cdn.itchimi.asia/flightstream/IMG_7802_NIR.jpg,42.5404649,-94.3865257,136,0,0,0
http://cdn.itchimi.asia/flightstream/IMG_7803_NIR.jpg,http://cdn.itchimi.asia/flightstream/IMG_7803_NIR.jpg,42.5399975,-94.3865121,136,0,0,0
http://cdn.itchimi.asia/flightstream/IMG_7804_NIR.jpg,http://cdn.itchimi.asia/flightstream/IMG_7804_NIR.jpg,42.539533,-94.3865304,136,0,0,0
http://cdn.itchimi.asia/flightstream/IMG_7805_NIR.jpg,http://cdn.itchimi.asia/flightstream/IMG_7805_NIR.jpg,42.5390484,-94.3865307,135,0,0,0
http://cdn.itchimi.asia/flightstream/IMG_7806_NIR.jpg,http://cdn.itchimi.asia/flightstream/IMG_7806_NIR.jpg,42.5385641,-94.3865293,135,0,0,0
http://cdn.itchimi.asia/flightstream/IMG_7807_NIR.jpg,http://cdn.itchimi.asia/flightstream/IMG_7807_NIR.jpg,42.5380841,-94.386549,135,0,0,0
http://cdn.itchimi.asia/flightstream/IMG_7808_NIR.jpg,http://cdn.itchimi.asia/flightstream/IMG_7808_NIR.jpg,42.5385311,-94.3862686,134,0,0,0
http://cdn.itchimi.asia/flightstream/IMG_7809_NIR.jpg,http://cdn.itchimi.asia/flightstream/IMG_7809_NIR.jpg,42.5388677,-94.3862298,135,0,0,0
http://cdn.itchimi.asia/flightstream/IMG_7810_NIR.jpg,http://cdn.itchimi.asia/flightstream/IMG_7810_NIR.jpg,42.5392085,-94.3862813,135,0,0,0
http://cdn.itchimi.asia/flightstream/IMG_7811_NIR.jpg,http://cdn.itchimi.asia/flightstream/IMG_7811_NIR.jpg,42.5395494,-94.3862435,136,0,0,0
http://cdn.itchimi.asia/flightstream/IMG_7812_NIR.jpg,http://cdn.itchimi.asia/flightstream/IMG_7812_NIR.jpg,42.5398861,-94.3862151,136,0,0,0
http://cdn.itchimi.asia/flightstream/IMG_7813_NIR.jpg,http://cdn.itchimi.asia/flightstream/IMG_7813_NIR.jpg,42.5402134,-94.3862347,136,0,0,0
http://cdn.itchimi.asia/flightstream/IMG_7814_NIR.jpg,http://cdn.itchimi.asia/flightstream/IMG_7814_NIR.jpg,42.5405589,-94.3862172,135,0,0,0
http://cdn.itchimi.asia/flightstream/IMG_7815_NIR.jpg,http://cdn.itchimi.asia/flightstream/IMG_7815_NIR.jpg,42.5408925,-94.3862018,135,0,0,0
http://cdn.itchimi.asia/flightstream/IMG_7816_NIR.jpg,http://cdn.itchimi.asia/flightstream/IMG_7816_NIR.jpg,42.5412191,-94.3862116,135,0,0,0
http://cdn.itchimi.asia/flightstream/IMG_7817_NIR.jpg,http://cdn.itchimi.asia/flightstream/IMG_7817_NIR.jpg,42.5415641,-94.3861866,135,0,0,0
http://cdn.itchimi.asia/flightstream/IMG_7818_NIR.jpg,http://cdn.itchimi.asia/flightstream/IMG_7818_NIR.jpg,42.5419036,-94.3861739,135,0,0,0
http://cdn.itchimi.asia/flightstream/IMG_7819_NIR.jpg,http://cdn.itchimi.asia/flightstream/IMG_7819_NIR.jpg,42.5422408,-94.3861875,135,0,0,0
http://cdn.itchimi.asia/flightstream/IMG_7820_NIR.jpg,http://cdn.itchimi.asia/flightstream/IMG_7820_NIR.jpg,42.5425839,-94.3861795,135,0,0,0
http://cdn.itchimi.asia/flightstream/IMG_7821_NIR.jpg,http://cdn.itchimi.asia/flightstream/IMG_7821_NIR.jpg,42.542924,-94.3861742,136,0,0,0
http://cdn.itchimi.asia/flightstream/IMG_7822_NIR.jpg,http://cdn.itchimi.asia/flightstream/IMG_7822_NIR.jpg,42.5432765,-94.3861487,136,0,0,0
http://cdn.itchimi.asia/flightstream/IMG_7823_NIR.jpg,http://cdn.itchimi.asia/flightstream/IMG_7823_NIR.jpg,42.543651,-94.3861662,136,0,0,0
http://cdn.itchimi.asia/flightstream/IMG_7824_NIR.jpg,http://cdn.itchimi.asia/flightstream/IMG_7824_NIR.jpg,42.5440358,-94.3861617,136,0,0,0
http://cdn.itchimi.asia/flightstream/IMG_7825_NIR.jpg,http://cdn.itchimi.asia/flightstream/IMG_7825_NIR.jpg,42.5444191,-94.3861406,137,0,0,0
http://cdn.itchimi.asia/flightstream/IMG_7826_NIR.jpg,http://cdn.itchimi.asia/flightstream/IMG_7826_NIR.jpg,42.5447838,-94.3861258,137,0,0,0
http://cdn.itchimi.asia/flightstream/IMG_7827_NIR.jpg,http://cdn.itchimi.asia/flightstream/IMG_7827_NIR.jpg,42.5451077,-94.3861429,136,0,0,0
http://cdn.itchimi.asia/flightstream/IMG_7828_NIR.jpg,http://cdn.itchimi.asia/flightstream/IMG_7828_NIR.jpg,42.5454199,-94.386162,136,0,0,0
http://cdn.itchimi.asia/flightstream/IMG_7829_NIR.jpg,http://cdn.itchimi.asia/flightstream/IMG_7829_NIR.jpg,42.545741,-94.3861418,135,0,0,0
http://cdn.itchimi.asia/flightstream/IMG_7830_NIR.jpg,http://cdn.itchimi.asia/flightstream/IMG_7830_NIR.jpg,42.5460482,-94.3861581,135,0,0,0
http://cdn.itchimi.asia/flightstream/IMG_7831_NIR.jpg,http://cdn.itchimi.asia/flightstream/IMG_7831_NIR.jpg,42.5453641,-94.385887,134,0,0,0
http://cdn.itchimi.asia/flightstream/IMG_7832_NIR.jpg,http://cdn.itchimi.asia/flightstream/IMG_7832_NIR.jpg,42.5448559,-94.385848,134,0,0,0
http://cdn.itchimi.asia/flightstream/IMG_7833_NIR.jpg,http://cdn.itchimi.asia/flightstream/IMG_7833_NIR.jpg,42.5443622,-94.3858721,135,0,0,0
http://cdn.itchimi.asia/flightstream/IMG_7834_NIR.jpg,http://cdn.itchimi.asia/flightstream/IMG_7834_NIR.jpg,42.5438876,-94.3858505,135,0,0,0
http://cdn.itchimi.asia/flightstream/IMG_7835_NIR.jpg,http://cdn.itchimi.asia/flightstream/IMG_7835_NIR.jpg,42.5434364,-94.3858804,136,0,0,0
http://cdn.itchimi.asia/flightstream/IMG_7836_NIR.jpg,http://cdn.itchimi.asia/flightstream/IMG_7836_NIR.jpg,42.5429728,-94.3858803,136,0,0,0
http://cdn.itchimi.asia/flightstream/IMG_7837_NIR.jpg,http://cdn.itchimi.asia/flightstream/IMG_7837_NIR.jpg,42.542513,-94.3858897,136,0,0,0
http://cdn.itchimi.asia/flightstream/IMG_7838_NIR.jpg,http://cdn.itchimi.asia/flightstream/IMG_7838_NIR.jpg,42.5420216,-94.3858999,134,0,0,0
http://cdn.itchimi.asia/flightstream/IMG_7839_NIR.jpg,http://cdn.itchimi.asia/flightstream/IMG_7839_NIR.jpg,42.5415483,-94.3858876,134,0,0,0
http://cdn.itchimi.asia/flightstream/IMG_7840_NIR.jpg,http://cdn.itchimi.asia/flightstream/IMG_7840_NIR.jpg,42.5410892,-94.3859359,134,0,0,0
http://cdn.itchimi.asia/flightstream/IMG_7841_NIR.jpg,http://cdn.itchimi.asia/flightstream/IMG_7841_NIR.jpg,42.5406079,-94.3859111,134,0,0,0
http://cdn.itchimi.asia/flightstream/IMG_7842_NIR.jpg,http://cdn.itchimi.asia/flightstream/IMG_7842_NIR.jpg,42.5401292,-94.3859419,135,0,0,0
http://cdn.itchimi.asia/flightstream/IMG_7843_NIR.jpg,http://cdn.itchimi.asia/flightstream/IMG_7843_NIR.jpg,42.5396485,-94.3859222,135,0,0,0
http://cdn.itchimi.asia/flightstream/IMG_7844_NIR.jpg,http://cdn.itchimi.asia/flightstream/IMG_7844_NIR.jpg,42.5391879,-94.3859284,135,0,0,0
http://cdn.itchimi.asia/flightstream/IMG_7845_NIR.jpg,http://cdn.itchimi.asia/flightstream/IMG_7845_NIR.jpg,42.5387191,-94.3859728,135,0,0,0
http://cdn.itchimi.asia/flightstream/IMG_7846_NIR.jpg,http://cdn.itchimi.asia/flightstream/IMG_7846_NIR.jpg,42.5382556,-94.3859583,135,0,0,0
http://cdn.itchimi.asia/flightstream/IMG_7847_NIR.jpg,http://cdn.itchimi.asia/flightstream/IMG_7847_NIR.jpg,42.538655,-94.385667,134,0,0,0
http://cdn.itchimi.asia/flightstream/IMG_7848_NIR.jpg,http://cdn.itchimi.asia/flightstream/IMG_7848_NIR.jpg,42.5390013,-94.3856287,135,0,0,0
http://cdn.itchimi.asia/flightstream/IMG_7849_NIR.jpg,http://cdn.itchimi.asia/flightstream/IMG_7849_NIR.jpg,42.5393455,-94.3856452,135,0,0,0
http://cdn.itchimi.asia/flightstream/IMG_7850_NIR.jpg,http://cdn.itchimi.asia/flightstream/IMG_7850_NIR.jpg,42.5396791,-94.385625,136,0,0,0
http://cdn.itchimi.asia/flightstream/IMG_7851_NIR.jpg,http://cdn.itchimi.asia/flightstream/IMG_7851_NIR.jpg,42.5400101,-94.3856502,136,0,0,0
http://cdn.itchimi.asia/flightstream/IMG_7852_NIR.jpg,http://cdn.itchimi.asia/flightstream/IMG_7852_NIR.jpg,42.540355,-94.3856372,136,0,0,0
http://cdn.itchimi.asia/flightstream/IMG_7853_NIR.jpg,http://cdn.itchimi.asia/flightstream/IMG_7853_NIR.jpg,42.5406602,-94.3856167,136,0,0,0
http://cdn.itchimi.asia/flightstream/IMG_7854_NIR.jpg,http://cdn.itchimi.asia/flightstream/IMG_7854_NIR.jpg,42.5409955,-94.3855952,136,0,0,0
http://cdn.itchimi.asia/flightstream/IMG_7855_NIR.jpg,http://cdn.itchimi.asia/flightstream/IMG_7855_NIR.jpg,42.5412887,-94.3856187,135,0,0,0
http://cdn.itchimi.asia/flightstream/IMG_7856_NIR.jpg,http://cdn.itchimi.asia/flightstream/IMG_7856_NIR.jpg,42.5416121,-94.38558,135,0,0,0
http://cdn.itchimi.asia/flightstream/IMG_7857_NIR.jpg,http://cdn.itchimi.asia/flightstream/IMG_7857_NIR.jpg,42.5419401,-94.385621,136,0,0,0
http://cdn.itchimi.asia/flightstream/IMG_7858_NIR.jpg,http://cdn.itchimi.asia/flightstream/IMG_7858_NIR.jpg,42.5422782,-94.3855868,136,0,0,0
http://cdn.itchimi.asia/flightstream/IMG_7859_NIR.jpg,http://cdn.itchimi.asia/flightstream/IMG_7859_NIR.jpg,42.5426058,-94.3856236,135,0,0,0
http://cdn.itchimi.asia/flightstream/IMG_7860_NIR.jpg,http://cdn.itchimi.asia/flightstream/IMG_7860_NIR.jpg,42.5429435,-94.3855936,135,0,0,0
http://cdn.itchimi.asia/flightstream/IMG_7861_NIR.jpg,http://cdn.itchimi.asia/flightstream/IMG_7861_NIR.jpg,42.5433235,-94.3855877,135,0,0,0
http://cdn.itchimi.asia/flightstream/IMG_7862_NIR.jpg,http://cdn.itchimi.asia/flightstream/IMG_7862_NIR.jpg,42.5436711,-94.3855774,135,0,0,0
http://cdn.itchimi.asia/flightstream/IMG_7863_NIR.jpg,http://cdn.itchimi.asia/flightstream/IMG_7863_NIR.jpg,42.5440311,-94.3855669,135,0,0,0
http://cdn.itchimi.asia/flightstream/IMG_7864_NIR.jpg,http://cdn.itchimi.asia/flightstream/IMG_7864_NIR.jpg,42.5443752,-94.3855655,135,0,0,0
http://cdn.itchimi.asia/flightstream/IMG_7865_NIR.jpg,http://cdn.itchimi.asia/flightstream/IMG_7865_NIR.jpg,42.544746,-94.3856122,134,0,0,0
http://cdn.itchimi.asia/flightstream/IMG_7866_NIR.jpg,http://cdn.itchimi.asia/flightstream/IMG_7866_NIR.jpg,42.5451123,-94.3855376,134,0,0,0
http://cdn.itchimi.asia/flightstream/IMG_7867_NIR.jpg,http://cdn.itchimi.asia/flightstream/IMG_7867_NIR.jpg,42.545445,-94.3855469,135,0,0,0
http://cdn.itchimi.asia/flightstream/IMG_7868_NIR.jpg,http://cdn.itchimi.asia/flightstream/IMG_7868_NIR.jpg,42.5457587,-94.385558,135,0,0,0
http://cdn.itchimi.asia/flightstream/IMG_7869_NIR.jpg,http://cdn.itchimi.asia/flightstream/IMG_7869_NIR.jpg,42.5460803,-94.3855176,135,0,0,0
http://cdn.itchimi.asia/flightstream/IMG_7870_NIR.jpg,http://cdn.itchimi.asia/flightstream/IMG_7870_NIR.jpg,42.5452121,-94.3853162,133,0,0,0
http://cdn.itchimi.asia/flightstream/IMG_7871_NIR.jpg,http://cdn.itchimi.asia/flightstream/IMG_7871_NIR.jpg,42.5447244,-94.3852125,134,0,0,0
http://cdn.itchimi.asia/flightstream/IMG_7872_NIR.jpg,http://cdn.itchimi.asia/flightstream/IMG_7872_NIR.jpg,42.5442576,-94.385287,134,0,0,0
http://cdn.itchimi.asia/flightstream/IMG_7873_NIR.jpg,http://cdn.itchimi.asia/flightstream/IMG_7873_NIR.jpg,42.5438017,-94.3852761,135,0,0,0
http://cdn.itchimi.asia/flightstream/IMG_7874_NIR.jpg,http://cdn.itchimi.asia/flightstream/IMG_7874_NIR.jpg,42.5433658,-94.3852884,136,0,0,0
http://cdn.itchimi.asia/flightstream/IMG_7875_NIR.jpg,http://cdn.itchimi.asia/flightstream/IMG_7875_NIR.jpg,42.5429396,-94.3852789,136,0,0,0
http://cdn.itchimi.asia/flightstream/IMG_7876_NIR.jpg,http://cdn.itchimi.asia/flightstream/IMG_7876_NIR.jpg,42.5424979,-94.385325,136,0,0,0
http://cdn.itchimi.asia/flightstream/IMG_7877_NIR.jpg,http://cdn.itchimi.asia/flightstream/IMG_7877_NIR.jpg,42.5420337,-94.3852653,136,0,0,0
http://cdn.itchimi.asia/flightstream/IMG_7878_NIR.jpg,http://cdn.itchimi.asia/flightstream/IMG_7878_NIR.jpg,42.5415719,-94.3853398,136,0,0,0
http://cdn.itchimi.asia/flightstream/IMG_7879_NIR.jpg,http://cdn.itchimi.asia/flightstream/IMG_7879_NIR.jpg,42.5411144,-94.3853201,135,0,0,0
http://cdn.itchimi.asia/flightstream/IMG_7880_NIR.jpg,http://cdn.itchimi.asia/flightstream/IMG_7880_NIR.jpg,42.5406546,-94.385319,135,0,0,0
http://cdn.itchimi.asia/flightstream/IMG_7881_NIR.jpg,http://cdn.itchimi.asia/flightstream/IMG_7881_NIR.jpg,42.5402033,-94.3853386,135,0,0,0
http://cdn.itchimi.asia/flightstream/IMG_7882_NIR.jpg,http://cdn.itchimi.asia/flightstream/IMG_7882_NIR.jpg,42.539751,-94.385323,135,0,0,0
http://cdn.itchimi.asia/flightstream/IMG_7883_NIR.jpg,http://cdn.itchimi.asia/flightstream/IMG_7883_NIR.jpg,42.5392868,-94.3853671,135,0,0,0
http://cdn.itchimi.asia/flightstream/IMG_7884_NIR.jpg,http://cdn.itchimi.asia/flightstream/IMG_7884_NIR.jpg,42.5388249,-94.3853026,136,0,0,0
http://cdn.itchimi.asia/flightstream/IMG_7885_NIR.jpg,http://cdn.itchimi.asia/flightstream/IMG_7885_NIR.jpg,42.5383852,-94.3853662,135,0,0,0
http://cdn.itchimi.asia/flightstream/IMG_7886_NIR.jpg,http://cdn.itchimi.asia/flightstream/IMG_7886_NIR.jpg,42.5385888,-94.385061,134,0,0,0
http://cdn.itchimi.asia/flightstream/IMG_7887_NIR.jpg,http://cdn.itchimi.asia/flightstream/IMG_7887_NIR.jpg,42.5389339,-94.3850503,135,0,0,0
http://cdn.itchimi.asia/flightstream/IMG_7888_NIR.jpg,http://cdn.itchimi.asia/flightstream/IMG_7888_NIR.jpg,42.5393001,-94.3850579,135,0,0,0
http://cdn.itchimi.asia/flightstream/IMG_7889_NIR.jpg,http://cdn.itchimi.asia/flightstream/IMG_7889_NIR.jpg,42.539672,-94.3850391,135,0,0,0
http://cdn.itchimi.asia/flightstream/IMG_7890_NIR.jpg,http://cdn.itchimi.asia/flightstream/IMG_7890_NIR.jpg,42.5400408,-94.3850311,135,0,0,0
http://cdn.itchimi.asia/flightstream/IMG_7891_NIR.jpg,http://cdn.itchimi.asia/flightstream/IMG_7891_NIR.jpg,42.5404231,-94.3850312,135,0,0,0
http://cdn.itchimi.asia/flightstream/IMG_7892_NIR.jpg,http://cdn.itchimi.asia/flightstream/IMG_7892_NIR.jpg,42.540786,-94.3850465,136,0,0,0
http://cdn.itchimi.asia/flightstream/IMG_7893_NIR.jpg,http://cdn.itchimi.asia/flightstream/IMG_7893_NIR.jpg,42.5411345,-94.3850018,136,0,0,0
http://cdn.itchimi.asia/flightstream/IMG_7894_NIR.jpg,http://cdn.itchimi.asia/flightstream/IMG_7894_NIR.jpg,42.5414947,-94.3850435,136,0,0,0
http://cdn.itchimi.asia/flightstream/IMG_7895_NIR.jpg,http://cdn.itchimi.asia/flightstream/IMG_7895_NIR.jpg,42.5418423,-94.3850311,136,0,0,0
http://cdn.itchimi.asia/flightstream/IMG_7896_NIR.jpg,http://cdn.itchimi.asia/flightstream/IMG_7896_NIR.jpg,42.5421899,-94.3849943,135,0,0,0
http://cdn.itchimi.asia/flightstream/IMG_7897_NIR.jpg,http://cdn.itchimi.asia/flightstream/IMG_7897_NIR.jpg,42.5425741,-94.3850139,135,0,0,0
http://cdn.itchimi.asia/flightstream/IMG_7898_NIR.jpg,http://cdn.itchimi.asia/flightstream/IMG_7898_NIR.jpg,42.5429825,-94.3849847,135,0,0,0
http://cdn.itchimi.asia/flightstream/IMG_7899_NIR.jpg,http://cdn.itchimi.asia/flightstream/IMG_7899_NIR.jpg,42.5433733,-94.3849992,135,0,0,0
http://cdn.itchimi.asia/flightstream/IMG_7900_NIR.jpg,http://cdn.itchimi.asia/flightstream/IMG_7900_NIR.jpg,42.5437237,-94.3850033,134,0,0,0
http://cdn.itchimi.asia/flightstream/IMG_7901_NIR.jpg,http://cdn.itchimi.asia/flightstream/IMG_7901_NIR.jpg,42.544091,-94.384914,135,0,0,0
http://cdn.itchimi.asia/flightstream/IMG_7902_NIR.jpg,http://cdn.itchimi.asia/flightstream/IMG_7902_NIR.jpg,42.5446041,-94.3850049,134,0,0,0
http://cdn.itchimi.asia/flightstream/IMG_7903_NIR.jpg,http://cdn.itchimi.asia/flightstream/IMG_7903_NIR.jpg,42.5449837,-94.3849388,134,0,0,0
http://cdn.itchimi.asia/flightstream/IMG_7904_NIR.jpg,http://cdn.itchimi.asia/flightstream/IMG_7904_NIR.jpg,42.545418,-94.3849214,136,0,0,0
http://cdn.itchimi.asia/flightstream/IMG_7905_NIR.jpg,http://cdn.itchimi.asia/flightstream/IMG_7905_NIR.jpg,42.5457962,-94.3849402,135,0,0,0
http://cdn.itchimi.asia/flightstream/IMG_7906_NIR.jpg,http://cdn.itchimi.asia/flightstream/IMG_7906_NIR.jpg,42.5461787,-94.3849369,135,0,0,0
http://cdn.itchimi.asia/flightstream/IMG_7907_NIR.jpg,http://cdn.itchimi.asia/flightstream/IMG_7907_NIR.jpg,42.5453385,-94.3847028,135,0,0,0
http://cdn.itchimi.asia/flightstream/IMG_7908_NIR.jpg,http://cdn.itchimi.asia/flightstream/IMG_7908_NIR.jpg,42.54488,-94.3846636,136,0,0,0
http://cdn.itchimi.asia/flightstream/IMG_7909_NIR.jpg,http://cdn.itchimi.asia/flightstream/IMG_7909_NIR.jpg,42.5444681,-94.3847469,136,0,0,0
http://cdn.itchimi.asia/flightstream/IMG_7910_NIR.jpg,http://cdn.itchimi.asia/flightstream/IMG_7910_NIR.jpg,42.5440135,-94.3846408,135,0,0,0
http://cdn.itchimi.asia/flightstream/IMG_7911_NIR.jpg,http://cdn.itchimi.asia/flightstream/IMG_7911_NIR.jpg,42.5435826,-94.3847118,135,0,0,0
http://cdn.itchimi.asia/flightstream/IMG_7912_NIR.jpg,http://cdn.itchimi.asia/flightstream/IMG_7912_NIR.jpg,42.5431207,-94.38467,136,0,0,0
http://cdn.itchimi.asia/flightstream/IMG_7913_NIR.jpg,http://cdn.itchimi.asia/flightstream/IMG_7913_NIR.jpg,42.5426987,-94.3846986,135,0,0,0
http://cdn.itchimi.asia/flightstream/IMG_7914_NIR.jpg,http://cdn.itchimi.asia/flightstream/IMG_7914_NIR.jpg,42.5422441,-94.3847101,135,0,0,0
http://cdn.itchimi.asia/flightstream/IMG_7915_NIR.jpg,http://cdn.itchimi.asia/flightstream/IMG_7915_NIR.jpg,42.5417945,-94.3846965,135,0,0,0
http://cdn.itchimi.asia/flightstream/IMG_7916_NIR.jpg,http://cdn.itchimi.asia/flightstream/IMG_7916_NIR.jpg,42.5413467,-94.3847241,136,0,0,0
http://cdn.itchimi.asia/flightstream/IMG_7917_NIR.jpg,http://cdn.itchimi.asia/flightstream/IMG_7917_NIR.jpg,42.5409101,-94.3847589,136,0,0,0
http://cdn.itchimi.asia/flightstream/IMG_7918_NIR.jpg,http://cdn.itchimi.asia/flightstream/IMG_7918_NIR.jpg,42.5404726,-94.384757,136,0,0,0
http://cdn.itchimi.asia/flightstream/IMG_7919_NIR.jpg,http://cdn.itchimi.asia/flightstream/IMG_7919_NIR.jpg,42.5399733,-94.3847249,136,0,0,0
http://cdn.itchimi.asia/flightstream/IMG_7920_NIR.jpg,http://cdn.itchimi.asia/flightstream/IMG_7920_NIR.jpg,42.5395064,-94.3847635,136,0,0,0
http://cdn.itchimi.asia/flightstream/IMG_7921_NIR.jpg,http://cdn.itchimi.asia/flightstream/IMG_7921_NIR.jpg,42.5390499,-94.3847328,135,0,0,0
http://cdn.itchimi.asia/flightstream/IMG_7922_NIR.jpg,http://cdn.itchimi.asia/flightstream/IMG_7922_NIR.jpg,42.5385864,-94.3847823,135,0,0,0
http://cdn.itchimi.asia/flightstream/IMG_7923_NIR.jpg,http://cdn.itchimi.asia/flightstream/IMG_7923_NIR.jpg,42.5381538,-94.3847431,134,0,0,0
http://cdn.itchimi.asia/flightstream/IMG_7924_NIR.jpg,http://cdn.itchimi.asia/flightstream/IMG_7924_NIR.jpg,42.5387008,-94.384482,134,0,0,0
http://cdn.itchimi.asia/flightstream/IMG_7925_NIR.jpg,http://cdn.itchimi.asia/flightstream/IMG_7925_NIR.jpg,42.5390719,-94.384451,135,0,0,0
http://cdn.itchimi.asia/flightstream/IMG_7926_NIR.jpg,http://cdn.itchimi.asia/flightstream/IMG_7926_NIR.jpg,42.5394744,-94.384455,135,0,0,0
http://cdn.itchimi.asia/flightstream/IMG_7927_NIR.jpg,http://cdn.itchimi.asia/flightstream/IMG_7927_NIR.jpg,42.5398567,-94.3844397,136,0,0,0
http://cdn.itchimi.asia/flightstream/IMG_7928_NIR.jpg,http://cdn.itchimi.asia/flightstream/IMG_7928_NIR.jpg,42.5402059,-94.384452,135,0,0,0
http://cdn.itchimi.asia/flightstream/IMG_7929_NIR.jpg,http://cdn.itchimi.asia/flightstream/IMG_7929_NIR.jpg,42.5405534,-94.3844302,135,0,0,0
http://cdn.itchimi.asia/flightstream/IMG_7930_NIR.jpg,http://cdn.itchimi.asia/flightstream/IMG_7930_NIR.jpg,42.5409224,-94.3844268,135,0,0,0
http://cdn.itchimi.asia/flightstream/IMG_7931_NIR.jpg,http://cdn.itchimi.asia/flightstream/IMG_7931_NIR.jpg,42.5413127,-94.3844125,135,0,0,0
http://cdn.itchimi.asia/flightstream/IMG_7932_NIR.jpg,http://cdn.itchimi.asia/flightstream/IMG_7932_NIR.jpg,42.5416995,-94.384439,135,0,0,0
http://cdn.itchimi.asia/flightstream/IMG_7933_NIR.jpg,http://cdn.itchimi.asia/flightstream/IMG_7933_NIR.jpg,42.5420998,-94.3844404,136,0,0,0
http://cdn.itchimi.asia/flightstream/IMG_7934_NIR.jpg,http://cdn.itchimi.asia/flightstream/IMG_7934_NIR.jpg,42.5425195,-94.3843863,136,0,0,0
http://cdn.itchimi.asia/flightstream/IMG_7935_NIR.jpg,http://cdn.itchimi.asia/flightstream/IMG_7935_NIR.jpg,42.542919,-94.3843658,136,0,0,0
http://cdn.itchimi.asia/flightstream/IMG_7936_NIR.jpg,http://cdn.itchimi.asia/flightstream/IMG_7936_NIR.jpg,42.5432899,-94.3843775,136,0,0,0
http://cdn.itchimi.asia/flightstream/IMG_7937_NIR.jpg,http://cdn.itchimi.asia/flightstream/IMG_7937_NIR.jpg,42.5436472,-94.3843597,136,0,0,0
http://cdn.itchimi.asia/flightstream/IMG_7938_NIR.jpg,http://cdn.itchimi.asia/flightstream/IMG_7938_NIR.jpg,42.5440036,-94.3844102,135,0,0,0
http://cdn.itchimi.asia/flightstream/IMG_7939_NIR.jpg,http://cdn.itchimi.asia/flightstream/IMG_7939_NIR.jpg,42.5443626,-94.3843421,135,0,0,0
http://cdn.itchimi.asia/flightstream/IMG_7940_NIR.jpg,http://cdn.itchimi.asia/flightstream/IMG_7940_NIR.jpg,42.5447272,-94.3843829,135,0,0,0
http://cdn.itchimi.asia/flightstream/IMG_7941_NIR.jpg,http://cdn.itchimi.asia/flightstream/IMG_7941_NIR.jpg,42.5450906,-94.3843688,135,0,0,0
http://cdn.itchimi.asia/flightstream/IMG_7942_NIR.jpg,http://cdn.itchimi.asia/flightstream/IMG_7942_NIR.jpg,42.5454493,-94.3843368,135,0,0,0
http://cdn.itchimi.asia/flightstream/IMG_7943_NIR.jpg,http://cdn.itchimi.asia/flightstream/IMG_7943_NIR.jpg,42.545752,-94.3843265,135,0,0,0
http://cdn.itchimi.asia/flightstream/IMG_7944_NIR.jpg,http://cdn.itchimi.asia/flightstream/IMG_7944_NIR.jpg,42.5460629,-94.3843747,136,0,0,0
http://cdn.itchimi.asia/flightstream/IMG_7945_NIR.jpg,http://cdn.itchimi.asia/flightstream/IMG_7945_NIR.jpg,42.5453916,-94.3841146,134,0,0,0
http://cdn.itchimi.asia/flightstream/IMG_7946_NIR.jpg,http://cdn.itchimi.asia/flightstream/IMG_7946_NIR.jpg,42.5448997,-94.3840388,134,0,0,0
http://cdn.itchimi.asia/flightstream/IMG_7947_NIR.jpg,http://cdn.itchimi.asia/flightstream/IMG_7947_NIR.jpg,42.5444758,-94.3841353,134,0,0,0
http://cdn.itchimi.asia/flightstream/IMG_7948_NIR.jpg,http://cdn.itchimi.asia/flightstream/IMG_7948_NIR.jpg,42.5440287,-94.384085,134,0,0,0
http://cdn.itchimi.asia/flightstream/IMG_7949_NIR.jpg,http://cdn.itchimi.asia/flightstream/IMG_7949_NIR.jpg,42.5436021,-94.384105,134,0,0,0
http://cdn.itchimi.asia/flightstream/IMG_7950_NIR.jpg,http://cdn.itchimi.asia/flightstream/IMG_7950_NIR.jpg,42.5431586,-94.3840695,134,0,0,0
http://cdn.itchimi.asia/flightstream/IMG_7951_NIR.jpg,http://cdn.itchimi.asia/flightstream/IMG_7951_NIR.jpg,42.5427557,-94.3840876,134,0,0,0
http://cdn.itchimi.asia/flightstream/IMG_7952_NIR.jpg,http://cdn.itchimi.asia/flightstream/IMG_7952_NIR.jpg,42.5423424,-94.3841458,135,0,0,0
http://cdn.itchimi.asia/flightstream/IMG_7953_NIR.jpg,http://cdn.itchimi.asia/flightstream/IMG_7953_NIR.jpg,42.5418859,-94.3841073,135,0,0,0
http://cdn.itchimi.asia/flightstream/IMG_7954_NIR.jpg,http://cdn.itchimi.asia/flightstream/IMG_7954_NIR.jpg,42.5414529,-94.3841513,136,0,0,0
http://cdn.itchimi.asia/flightstream/IMG_7955_NIR.jpg,http://cdn.itchimi.asia/flightstream/IMG_7955_NIR.jpg,42.5410202,-94.3841264,136,0,0,0
http://cdn.itchimi.asia/flightstream/IMG_7956_NIR.jpg,http://cdn.itchimi.asia/flightstream/IMG_7956_NIR.jpg,42.5405678,-94.3841419,136,0,0,0
http://cdn.itchimi.asia/flightstream/IMG_7957_NIR.jpg,http://cdn.itchimi.asia/flightstream/IMG_7957_NIR.jpg,42.540135,-94.3841146,135,0,0,0
http://cdn.itchimi.asia/flightstream/IMG_7958_NIR.jpg,http://cdn.itchimi.asia/flightstream/IMG_7958_NIR.jpg,42.5397102,-94.3841356,135,0,0,0
http://cdn.itchimi.asia/flightstream/IMG_7959_NIR.jpg,http://cdn.itchimi.asia/flightstream/IMG_7959_NIR.jpg,42.5392648,-94.3841476,135,0,0,0
http://cdn.itchimi.asia/flightstream/IMG_7960_NIR.jpg,http://cdn.itchimi.asia/flightstream/IMG_7960_NIR.jpg,42.5388725,-94.3841557,136,0,0,0
http://cdn.itchimi.asia/flightstream/IMG_7961_NIR.jpg,http://cdn.itchimi.asia/flightstream/IMG_7961_NIR.jpg,42.538475,-94.3842148,135,0,0,0
http://cdn.itchimi.asia/flightstream/IMG_7962_NIR.jpg,http://cdn.itchimi.asia/flightstream/IMG_7962_NIR.jpg,42.5380212,-94.3841448,135,0,0,0
http://cdn.itchimi.asia/flightstream/IMG_7963_NIR.jpg,http://cdn.itchimi.asia/flightstream/IMG_7963_NIR.jpg,42.5386452,-94.3839152,135,0,0,0
http://cdn.itchimi.asia/flightstream/IMG_7964_NIR.jpg,http://cdn.itchimi.asia/flightstream/IMG_7964_NIR.jpg,42.5390457,-94.3838119,135,0,0,0
http://cdn.itchimi.asia/flightstream/IMG_7965_NIR.jpg,http://cdn.itchimi.asia/flightstream/IMG_7965_NIR.jpg,42.5394135,-94.3838734,135,0,0,0
http://cdn.itchimi.asia/flightstream/IMG_7966_NIR.jpg,http://cdn.itchimi.asia/flightstream/IMG_7966_NIR.jpg,42.5398087,-94.3838698,135,0,0,0
http://cdn.itchimi.asia/flightstream/IMG_7967_NIR.jpg,http://cdn.itchimi.asia/flightstream/IMG_7967_NIR.jpg,42.5401928,-94.3838356,135,0,0,0
http://cdn.itchimi.asia/flightstream/IMG_7968_NIR.jpg,http://cdn.itchimi.asia/flightstream/IMG_7968_NIR.jpg,42.5405875,-94.3838538,136,0,0,0
http://cdn.itchimi.asia/flightstream/IMG_7969_NIR.jpg,http://cdn.itchimi.asia/flightstream/IMG_7969_NIR.jpg,42.5409602,-94.3838257,135,0,0,0
http://cdn.itchimi.asia/flightstream/IMG_7970_NIR.jpg,http://cdn.itchimi.asia/flightstream/IMG_7970_NIR.jpg,42.5413373,-94.3838413,135,0,0,0
http://cdn.itchimi.asia/flightstream/IMG_7971_NIR.jpg,http://cdn.itchimi.asia/flightstream/IMG_7971_NIR.jpg,42.5416765,-94.3838193,134,0,0,0
http://cdn.itchimi.asia/flightstream/IMG_7972_NIR.jpg,http://cdn.itchimi.asia/flightstream/IMG_7972_NIR.jpg,42.5420184,-94.3837951,134,0,0,0
http://cdn.itchimi.asia/flightstream/IMG_7973_NIR.jpg,http://cdn.itchimi.asia/flightstream/IMG_7973_NIR.jpg,42.5423536,-94.3838616,134,0,0,0
http://cdn.itchimi.asia/flightstream/IMG_7974_NIR.jpg,http://cdn.itchimi.asia/flightstream/IMG_7974_NIR.jpg,42.5426681,-94.3837874,135,0,0,0
http://cdn.itchimi.asia/flightstream/IMG_7975_NIR.jpg,http://cdn.itchimi.asia/flightstream/IMG_7975_NIR.jpg,42.5429884,-94.3837791,135,0,0,0
http://cdn.itchimi.asia/flightstream/IMG_7976_NIR.jpg,http://cdn.itchimi.asia/flightstream/IMG_7976_NIR.jpg,42.5432758,-94.3837673,135,0,0,0
http://cdn.itchimi.asia/flightstream/IMG_7977_NIR.jpg,http://cdn.itchimi.asia/flightstream/IMG_7977_NIR.jpg,42.5435801,-94.3837847,135,0,0,0
http://cdn.itchimi.asia/flightstream/IMG_7978_NIR.jpg,http://cdn.itchimi.asia/flightstream/IMG_7978_NIR.jpg,42.5438918,-94.3837966,135,0,0,0
http://cdn.itchimi.asia/flightstream/IMG_7979_NIR.jpg,http://cdn.itchimi.asia/flightstream/IMG_7979_NIR.jpg,42.5441949,-94.383813,135,0,0,0
http://cdn.itchimi.asia/flightstream/IMG_7980_NIR.jpg,http://cdn.itchimi.asia/flightstream/IMG_7980_NIR.jpg,42.5444896,-94.3837526,135,0,0,0
http://cdn.itchimi.asia/flightstream/IMG_7981_NIR.jpg,http://cdn.itchimi.asia/flightstream/IMG_7981_NIR.jpg,42.5448156,-94.3837461,135,0,0,0
http://cdn.itchimi.asia/flightstream/IMG_7982_NIR.jpg,http://cdn.itchimi.asia/flightstream/IMG_7982_NIR.jpg,42.5451346,-94.3837377,135,0,0,0
http://cdn.itchimi.asia/flightstream/IMG_7983_NIR.jpg,http://cdn.itchimi.asia/flightstream/IMG_7983_NIR.jpg,42.5454441,-94.3837717,135,0,0,0
http://cdn.itchimi.asia/flightstream/IMG_7984_NIR.jpg,http://cdn.itchimi.asia/flightstream/IMG_7984_NIR.jpg,42.545754,-94.3837713,136,0,0,0
http://cdn.itchimi.asia/flightstream/IMG_7985_NIR.jpg,http://cdn.itchimi.asia/flightstream/IMG_7985_NIR.jpg,42.5460664,-94.3837862,135,0,0,0
http://cdn.itchimi.asia/flightstream/IMG_7986_NIR.jpg,http://cdn.itchimi.asia/flightstream/IMG_7986_NIR.jpg,42.5453259,-94.3835243,134,0,0,0
http://cdn.itchimi.asia/flightstream/IMG_7987_NIR.jpg,http://cdn.itchimi.asia/flightstream/IMG_7987_NIR.jpg,42.5448097,-94.3834433,135,0,0,0
http://cdn.itchimi.asia/flightstream/IMG_7988_NIR.jpg,http://cdn.itchimi.asia/flightstream/IMG_7988_NIR.jpg,42.5443236,-94.3835036,135,0,0,0
http://cdn.itchimi.asia/flightstream/IMG_7989_NIR.jpg,http://cdn.itchimi.asia/flightstream/IMG_7989_NIR.jpg,42.5438561,-94.3834991,135,0,0,0
http://cdn.itchimi.asia/flightstream/IMG_7990_NIR.jpg,http://cdn.itchimi.asia/flightstream/IMG_7990_NIR.jpg,42.5433828,-94.3834782,134,0,0,0
http://cdn.itchimi.asia/flightstream/IMG_7991_NIR.jpg,http://cdn.itchimi.asia/flightstream/IMG_7991_NIR.jpg,42.5429298,-94.3835124,135,0,0,0
http://cdn.itchimi.asia/flightstream/IMG_7992_NIR.jpg,http://cdn.itchimi.asia/flightstream/IMG_7992_NIR.jpg,42.5424707,-94.3834994,135,0,0,0
http://cdn.itchimi.asia/flightstream/IMG_7993_NIR.jpg,http://cdn.itchimi.asia/flightstream/IMG_7993_NIR.jpg,42.5420218,-94.3835208,134,0,0,0
http://cdn.itchimi.asia/flightstream/IMG_7994_NIR.jpg,http://cdn.itchimi.asia/flightstream/IMG_7994_NIR.jpg,42.541562,-94.38354,135,0,0,0
http://cdn.itchimi.asia/flightstream/IMG_7995_NIR.jpg,http://cdn.itchimi.asia/flightstream/IMG_7995_NIR.jpg,42.5411222,-94.3835251,135,0,0,0
http://cdn.itchimi.asia/flightstream/IMG_7996_NIR.jpg,http://cdn.itchimi.asia/flightstream/IMG_7996_NIR.jpg,42.5406821,-94.3835357,135,0,0,0
http://cdn.itchimi.asia/flightstream/IMG_7997_NIR.jpg,http://cdn.itchimi.asia/flightstream/IMG_7997_NIR.jpg,42.5402385,-94.3835483,135,0,0,0
http://cdn.itchimi.asia/flightstream/IMG_7998_NIR.jpg,http://cdn.itchimi.asia/flightstream/IMG_7998_NIR.jpg,42.5398248,-94.3835541,135,0,0,0
http://cdn.itchimi.asia/flightstream/IMG_7999_NIR.jpg,http://cdn.itchimi.asia/flightstream/IMG_7999_NIR.jpg,42.5394116,-94.3835711,135,0,0,0
http://cdn.itchimi.asia/flightstream/IMG_8000_NIR.jpg,http://cdn.itchimi.asia/flightstream/IMG_8000_NIR.jpg,42.5389877,-94.383531,135,0,0,0
http://cdn.itchimi.asia/flightstream/IMG_8001_NIR.jpg,http://cdn.itchimi.asia/flightstream/IMG_8001_NIR.jpg,42.538572,-94.3835892,136,0,0,0
http://cdn.itchimi.asia/flightstream/IMG_8002_NIR.jpg,http://cdn.itchimi.asia/flightstream/IMG_8002_NIR.jpg,42.5381353,-94.3835605,136,0,0,0
http://cdn.itchimi.asia/flightstream/IMG_8003_NIR.jpg,http://cdn.itchimi.asia/flightstream/IMG_8003_NIR.jpg,42.5386828,-94.3833039,135,0,0,0
http://cdn.itchimi.asia/flightstream/IMG_8004_NIR.jpg,http://cdn.itchimi.asia/flightstream/IMG_8004_NIR.jpg,42.5390483,-94.383262,135,0,0,0
http://cdn.itchimi.asia/flightstream/IMG_8005_NIR.jpg,http://cdn.itchimi.asia/flightstream/IMG_8005_NIR.jpg,42.5394297,-94.3832357,135,0,0,0
http://cdn.itchimi.asia/flightstream/IMG_8006_NIR.jpg,http://cdn.itchimi.asia/flightstream/IMG_8006_NIR.jpg,42.5397919,-94.3832842,136,0,0,0
http://cdn.itchimi.asia/flightstream/IMG_8007_NIR.jpg,http://cdn.itchimi.asia/flightstream/IMG_8007_NIR.jpg,42.5401348,-94.3832379,136,0,0,0
http://cdn.itchimi.asia/flightstream/IMG_8008_NIR.jpg,http://cdn.itchimi.asia/flightstream/IMG_8008_NIR.jpg,42.5404593,-94.3832208,136,0,0,0
http://cdn.itchimi.asia/flightstream/IMG_8009_NIR.jpg,http://cdn.itchimi.asia/flightstream/IMG_8009_NIR.jpg,42.5407615,-94.3832776,136,0,0,0
http://cdn.itchimi.asia/flightstream/IMG_8010_NIR.jpg,http://cdn.itchimi.asia/flightstream/IMG_8010_NIR.jpg,42.5411319,-94.3831738,135,0,0,0
http://cdn.itchimi.asia/flightstream/IMG_8011_NIR.jpg,http://cdn.itchimi.asia/flightstream/IMG_8011_NIR.jpg,42.5414594,-94.3832239,135,0,0,0
http://cdn.itchimi.asia/flightstream/IMG_8012_NIR.jpg,http://cdn.itchimi.asia/flightstream/IMG_8012_NIR.jpg,42.5418031,-94.3832274,135,0,0,0
http://cdn.itchimi.asia/flightstream/IMG_8013_NIR.jpg,http://cdn.itchimi.asia/flightstream/IMG_8013_NIR.jpg,42.5421438,-94.3832311,135,0,0,0
http://cdn.itchimi.asia/flightstream/IMG_8014_NIR.jpg,http://cdn.itchimi.asia/flightstream/IMG_8014_NIR.jpg,42.5424712,-94.3832174,135,0,0,0
http://cdn.itchimi.asia/flightstream/IMG_8015_NIR.jpg,http://cdn.itchimi.asia/flightstream/IMG_8015_NIR.jpg,42.542798,-94.3832061,135,0,0,0
http://cdn.itchimi.asia/flightstream/IMG_8016_NIR.jpg,http://cdn.itchimi.asia/flightstream/IMG_8016_NIR.jpg,42.5431258,-94.3831948,135,0,0,0
http://cdn.itchimi.asia/flightstream/IMG_8017_NIR.jpg,http://cdn.itchimi.asia/flightstream/IMG_8017_NIR.jpg,42.5434506,-94.3832203,135,0,0,0
http://cdn.itchimi.asia/flightstream/IMG_8018_NIR.jpg,http://cdn.itchimi.asia/flightstream/IMG_8018_NIR.jpg,42.5437824,-94.3831912,135,0,0,0
http://cdn.itchimi.asia/flightstream/IMG_8019_NIR.jpg,http://cdn.itchimi.asia/flightstream/IMG_8019_NIR.jpg,42.5440819,-94.383209,136,0,0,0
http://cdn.itchimi.asia/flightstream/IMG_8020_NIR.jpg,http://cdn.itchimi.asia/flightstream/IMG_8020_NIR.jpg,42.5444099,-94.383167,136,0,0,0
http://cdn.itchimi.asia/flightstream/IMG_8021_NIR.jpg,http://cdn.itchimi.asia/flightstream/IMG_8021_NIR.jpg,42.5447066,-94.3831821,135,0,0,0
http://cdn.itchimi.asia/flightstream/IMG_8022_NIR.jpg,http://cdn.itchimi.asia/flightstream/IMG_8022_NIR.jpg,42.5450555,-94.3831684,135,0,0,0
http://cdn.itchimi.asia/flightstream/IMG_8023_NIR.jpg,http://cdn.itchimi.asia/flightstream/IMG_8023_NIR.jpg,42.5453847,-94.383167,135,0,0,0
http://cdn.itchimi.asia/flightstream/IMG_8024_NIR.jpg,http://cdn.itchimi.asia/flightstream/IMG_8024_NIR.jpg,42.54574,-94.3831909,136,0,0,0
http://cdn.itchimi.asia/flightstream/IMG_8025_NIR.jpg,http://cdn.itchimi.asia/flightstream/IMG_8025_NIR.jpg,42.5461227,-94.3831688,137,0,0,0
http://cdn.itchimi.asia/flightstream/IMG_8026_NIR.jpg,http://cdn.itchimi.asia/flightstream/IMG_8026_NIR.jpg,42.5453594,-94.382922,135,0,0,0
http://cdn.itchimi.asia/flightstream/IMG_8027_NIR.jpg,http://cdn.itchimi.asia/flightstream/IMG_8027_NIR.jpg,42.5448729,-94.3828583,135,0,0,0
http://cdn.itchimi.asia/flightstream/IMG_8028_NIR.jpg,http://cdn.itchimi.asia/flightstream/IMG_8028_NIR.jpg,42.5444022,-94.3828922,136,0,0,0
http://cdn.itchimi.asia/flightstream/IMG_8029_NIR.jpg,http://cdn.itchimi.asia/flightstream/IMG_8029_NIR.jpg,42.5439039,-94.3828968,135,0,0,0
http://cdn.itchimi.asia/flightstream/IMG_8030_NIR.jpg,http://cdn.itchimi.asia/flightstream/IMG_8030_NIR.jpg,42.5434174,-94.3828966,135,0,0,0
http://cdn.itchimi.asia/flightstream/IMG_8031_NIR.jpg,http://cdn.itchimi.asia/flightstream/IMG_8031_NIR.jpg,42.542943,-94.3828949,135,0,0,0
http://cdn.itchimi.asia/flightstream/IMG_8032_NIR.jpg,http://cdn.itchimi.asia/flightstream/IMG_8032_NIR.jpg,42.5424506,-94.3829465,135,0,0,0
http://cdn.itchimi.asia/flightstream/IMG_8033_NIR.jpg,http://cdn.itchimi.asia/flightstream/IMG_8033_NIR.jpg,42.541973,-94.3829195,134,0,0,0
http://cdn.itchimi.asia/flightstream/IMG_8034_NIR.jpg,http://cdn.itchimi.asia/flightstream/IMG_8034_NIR.jpg,42.5415012,-94.3829597,134,0,0,0
http://cdn.itchimi.asia/flightstream/IMG_8035_NIR.jpg,http://cdn.itchimi.asia/flightstream/IMG_8035_NIR.jpg,42.5410407,-94.3829068,135,0,0,0
http://cdn.itchimi.asia/flightstream/IMG_8036_NIR.jpg,http://cdn.itchimi.asia/flightstream/IMG_8036_NIR.jpg,42.5405832,-94.3829255,135,0,0,0
http://cdn.itchimi.asia/flightstream/IMG_8037_NIR.jpg,http://cdn.itchimi.asia/flightstream/IMG_8037_NIR.jpg,42.5401155,-94.3829505,135,0,0,0
http://cdn.itchimi.asia/flightstream/IMG_8038_NIR.jpg,http://cdn.itchimi.asia/flightstream/IMG_8038_NIR.jpg,42.5396779,-94.3829843,135,0,0,0
http://cdn.itchimi.asia/flightstream/IMG_8039_NIR.jpg,http://cdn.itchimi.asia/flightstream/IMG_8039_NIR.jpg,42.5392179,-94.38296,135,0,0,0
http://cdn.itchimi.asia/flightstream/IMG_8040_NIR.jpg,http://cdn.itchimi.asia/flightstream/IMG_8040_NIR.jpg,42.5387673,-94.3829814,136,0,0,0
http://cdn.itchimi.asia/flightstream/IMG_8041_NIR.jpg,http://cdn.itchimi.asia/flightstream/IMG_8041_NIR.jpg,42.5383146,-94.382974,136,0,0,0
